{
  "headings": [
    "AFFIDAVIT OF BILLS PAID"
  ],
  "page_numbers": [
    130
  ],
  "text": "STATE OF Louisiana § § COUNTY OF ______________ §",
  "bboxes": [
    [
      50.400000000000006,
      656.1903585,
      201.02715300000006,
      689.8499085
    ]
  ],
  "chunk_index": 1101
}