{
  "headings": [
    "Section 1."
  ],
  "page_numbers": [
    1
  ],
  "text": "PREPARED BY:",
  "bboxes": [
    [
      50.400000000000006,
      69.74960850000002,
      125.69157750000001,
      79.6491585
    ]
  ],
  "chunk_index": 21
}