{
  "headings": [
    "Section 35. Default; Termination; Termination for Convenience."
  ],
  "page_numbers": [
    16
  ],
  "text": "(Signature Page Follows)",
  "bboxes": [
    [
      247.68300000000002,
      219.87035850000007,
      364.31069850000017,
      229.76990849999993
    ]
  ],
  "chunk_index": 147
}