{
  "headings": [
    "A. General Requirements:"
  ],
  "page_numbers": [
    19
  ],
  "text": "- c) Keep all roadways free of concrete, earth, and debris.",
  "bboxes": [
    [
      72.0,
      427.23035849999997,
      328.08734100000027,
      437.1299085
    ]
  ],
  "chunk_index": 163
}