{
  "headings": [
    "(b) WHERE FRINGE BENEFITS ARE PAID IN CASH"
  ],
  "page_numbers": [
    126
  ],
  "text": "(Building or Work)",
  "bboxes": [
    [
      208.2180415656278,
      107.05814086171722,
      219.72180667182897,
      166.91860432200372
    ]
  ],
  "chunk_index": 1076
}