{
  "headings": [
    "Business Concern Affirmation:"
  ],
  "page_numbers": [
    36
  ],
  "text": "Date:",
  "bboxes": [
    [
      77.664,
      127.88740000000007,
      108.26888,
      138.9928
    ]
  ],
  "chunk_index": 366
}