{
  "headings": [
    "(Contractor or Subcontractor)"
  ],
  "page_numbers": [
    126
  ],
  "text": "- Each laborer or mechanic listed in the above referenced payroll has been paid,",
  "bboxes": [
    [
      133.44359851286268,
      465.06977246414465,
      143.79700255796766,
      704.5116263052905
    ]
  ],
  "chunk_index": 1088
}