{
  "headings": [
    "Certification:"
  ],
  "page_numbers": [
    38
  ],
  "text": "Authorized Representative:",
  "bboxes": [
    [
      77.664,
      150.08839999999998,
      210.53888,
      161.1938
    ]
  ],
  "chunk_index": 394
}