{
  "headings": [
    "Business Concern Affirmation:"
  ],
  "page_numbers": [
    36
  ],
  "text": "Owner/Authorized Representative:",
  "bboxes": [
    [
      77.664,
      174.44740000000002,
      244.37888,
      185.55279999999993
    ]
  ],
  "chunk_index": 364
}