{
  "headings": [
    "Procore Pay"
  ],
  "page_numbers": [
    139
  ],
  "text": "8. Procore Pay Administrators:\n- a. You must provide and maintain an up-to-date list of authorized Procore Pay Administrators who can manage payment-related activities with the General Contractor.",
  "bboxes": [
    [
      71.98512000000005,
      332.7972570297024,
      223.37664000000007,
      342.02543999999943
    ],
    [
      107.97552000000007,
      305.9258970297024,
      553.0818240000003,
      328.58975999999944
    ]
  ],
  "chunk_index": 1161
}