{
  "headings": [
    "(b)  INDEMNITY FOR EMPLOYEE CLAIMS:"
  ],
  "page_numbers": [
    11
  ],
  "text": "- (f) These indemnity obligations shall survive termination of this Subcontract.",
  "bboxes": [
    [
      50.400000000000006,
      279.27035850000004,
      389.4485880000005,
      289.1699085
    ]
  ],
  "chunk_index": 93
}