{
  "headings": [
    "B. Contract Work Hours and Safety Standards Act (CWHSSA)"
  ],
  "page_numbers": [
    86
  ],
  "text": "- D. A contractor's assignee(s);\n- F. A claim asserted under the Prompt Payment Act, 31 U.S.C. 3901-3907.",
  "bboxes": [
    [
      113.16,
      183.52296,
      251.26878000000002,
      196.97956
    ],
    [
      113.16,
      156.64296000000002,
      449.70277999999996,
      170.09956
    ]
  ],
  "chunk_index": 885
}