{
  "headings": [
    "4. What is the reporting timeline for Public Housing Authorities and other recipients of public housing financial assistance?"
  ],
  "page_numbers": [
    58
  ],
  "text": "Transition",
  "bboxes": [
    [
      59.65261661750386,
      595.2654546206666,
      89.09157016498158,
      600.6872727101517
    ]
  ],
  "chunk_index": 616
}