{
  "headings": [
    "Section 35. Default; Termination; Termination for Convenience."
  ],
  "page_numbers": [
    16
  ],
  "text": "Exhibit 'J' - NA",
  "bboxes": [
    [
      50.400000000000006,
      303.03035850000003,
      131.16103800000002,
      312.9299085
    ]
  ],
  "chunk_index": 144
}