{
  "headings": [
    "B.  The Scope:"
  ],
  "page_numbers": [
    21
  ],
  "text": "Exhibit A",
  "bboxes": [
    [
      288.05,
      73.90560000000005,
      334.57912,
      86.21519999999998
    ]
  ],
  "chunk_index": 203
}