{
  "headings": [
    "Section 33."
  ],
  "page_numbers": [
    12
  ],
  "text": "- (b) Subcontractor agrees to proceed with the Subcontract Work in the event of picketing or strike.",
  "bboxes": [
    [
      79.19999999999999,
      243.63035850000006,
      535.0682415000001,
      253.52990850000003
    ]
  ],
  "chunk_index": 102
}