{
  "headings": [
    "Golden Stones, L.P."
  ],
  "page_numbers": [
    17
  ],
  "text": "Name:",
  "bboxes": [
    [
      307.38,
      381.19085850000005,
      336.704667,
      391.0904085
    ]
  ],
  "chunk_index": 154
}