{
  "headings": [
    "Procore Pay"
  ],
  "page_numbers": [
    139
  ],
  "text": "1. Use of Procore Tools:\n- a. You agree to use Procore Invoicing and Procore Pay as provided by Procore Technologies, Inc. for draw submittal and payment-related activities.",
  "bboxes": [
    [
      71.99615999999999,
      668.3580570297028,
      191.71391999999994,
      677.5862399999999
    ],
    [
      107.99759999999996,
      641.4866970297027,
      544.4330879999997,
      664.1505599999998
    ]
  ],
  "chunk_index": 1153
}