{
  "headings": [
    "Certification:"
  ],
  "page_numbers": [
    38
  ],
  "text": "(Typed/printed name and Signature, Title)",
  "bboxes": [
    [
      77.664,
      138.44740000000002,
      265.61888000000005,
      149.55279999999993
    ]
  ],
  "chunk_index": 395
}