{
  "headings": [
    "Please mail original blue/black ink signature documents to:"
  ],
  "page_numbers": [
    67
  ],
  "text": "Sincerely,",
  "bboxes": [
    [
      57.6,
      253.85899999999992,
      107.26800000000001,
      265.8589999999999
    ]
  ],
  "chunk_index": 702
}