{
  "headings": [
    "Certification:"
  ],
  "page_numbers": [
    39
  ],
  "text": "Signature:",
  "bboxes": [
    [
      77.664,
      180.08839999999998,
      129.86888,
      191.1938
    ]
  ],
  "chunk_index": 412
}