{
  "headings": [
    "3.   Records and certified payrolls"
  ],
  "page_numbers": [
    81
  ],
  "text": "- F. A claim asserted under the Prompt Payment Act, 31 U.S.C. 3901-3907.",
  "bboxes": [
    [
      108.599,
      290.91296000000006,
      440.66177999999996,
      304.36956000000004
    ]
  ],
  "chunk_index": 834
}