{
  "headings": [
    "4. What is the reporting timeline for Public Housing Authorities and other recipients of public housing financial assistance?"
  ],
  "page_numbers": [
    58
  ],
  "text": "3/31 FYE",
  "bboxes": [
    [
      13.133194245099935,
      595.11020165435,
      38.77232893347731,
      601.6170714100354
    ]
  ],
  "chunk_index": 611
}