{
  "headings": [
    "BROWNSTONE CONSTRUCTION, LTD. SUBCONTRACT FOR Allegra at Shreveport"
  ],
  "page_numbers": [
    2
  ],
  "text": "- Section 2. Subsections (a), (b), (c), (d), & (e) from Section 33 apply to this Subcontract.\n- Section 3",
  "bboxes": [
    [
      50.400000000000006,
      730.7103585,
      454.90780800000016,
      740.6099085
    ],
    [
      50.400000000000006,
      706.9503585,
      94.39987500000001,
      716.8499085
    ]
  ],
  "chunk_index": 23
}