{
  "headings": [
    "(b) WHERE FRINGE BENEFITS ARE PAID IN CASH"
  ],
  "page_numbers": [
    126
  ],
  "text": "(Title)",
  "bboxes": [
    [
      139.1954874702516,
      301.604651230306,
      148.39849739355077,
      323.4767444309896
    ]
  ],
  "chunk_index": 1070
}