{
  "headings": [
    "DAVIS BACON COMPLIANCE REMINDERS"
  ],
  "page_numbers": [
    72
  ],
  "text": "PLUMBER (including HVAC pipe)....$ 28.75            11.86 ----------------------------------------------------------------PLUM0198-002 12/08/2022",
  "bboxes": [
    [
      34.499,
      110.81574999999998,
      376.61823200000003,
      144.698303
    ]
  ],
  "chunk_index": 756
}