{
  "headings": [
    "DAVIS BACON COMPLIANCE REMINDERS"
  ],
  "page_numbers": [
    68
  ],
  "text": "- b. If a subcontract fails to pay overtime",
  "bboxes": [
    [
      126.02,
      265.57899999999995,
      325.202,
      277.57899999999995
    ]
  ],
  "chunk_index": 718
}