{
  "headings": [
    "Section 35. Default; Termination; Termination for Convenience."
  ],
  "page_numbers": [
    16
  ],
  "text": "Exhibit 'A' - Description of Work",
  "bboxes": [
    [
      50.400000000000006,
      588.1503585,
      213.21459900000008,
      598.0499085
    ]
  ],
  "chunk_index": 132
}