{
  "headings": [
    "4. What is the reporting timeline for Public Housing Authorities and other recipients of public housing financial assistance?"
  ],
  "page_numbers": [
    58
  ],
  "text": "4/1/2022",
  "bboxes": [
    [
      260.273597618016,
      712.9072973605779,
      288.99529749956974,
      722.3799755540279
    ]
  ],
  "chunk_index": 621
}