{
  "headings": [
    "(Contractor or Subcontractor)"
  ],
  "page_numbers": [
    126
  ],
  "text": "as indicated on the payroll, an amount not less than the sum of the applicable",
  "bboxes": [
    [
      141.49623044899056,
      474.2790692663815,
      150.69925817421029,
      702.2093060827877
    ]
  ],
  "chunk_index": 1089
}