{
  "headings": [
    "DEFINITIONS"
  ],
  "page_numbers": [
    31
  ],
  "text": "Brandi Daugherty",
  "bboxes": [
    [
      57.6,
      111.39499999999998,
      138.52148,
      122.375
    ]
  ],
  "chunk_index": 317
}