{
  "headings": [
    "CONDITIONAL WAIVER AND RELEASE ON FINAL PAYMENT"
  ],
  "page_numbers": [
    132
  ],
  "text": "Job No. ___________________",
  "bboxes": [
    [
      50.400000000000006,
      659.4303585,
      191.86456949999996,
      669.3299085
    ]
  ],
  "chunk_index": 1124
}