{
  "headings": [
    "I. GENERAL QUESTIONS REGARDING SECTION 3:"
  ],
  "page_numbers": [
    43
  ],
  "text": "7. What is YouthBuild?\n8. As a funding recipient, what are my Section 3 reporting goals?",
  "bboxes": [
    [
      57.624,
      400.678,
      180.65,
      413.962
    ],
    [
      57.624,
      386.87800000000004,
      379.63,
      400.16200000000003
    ]
  ],
  "chunk_index": 449
}