{
  "headings": [
    "4. What is the reporting timeline for Public Housing Authorities and other recipients of public housing financial assistance?"
  ],
  "page_numbers": [
    58
  ],
  "text": "Transition",
  "bboxes": [
    [
      60.419732131247734,
      668.8120725135581,
      89.09916362691423,
      675.0788366447464
    ]
  ],
  "chunk_index": 613
}