{
  "headings": [
    "Section 1."
  ],
  "page_numbers": [
    1
  ],
  "text": "00-03098",
  "bboxes": [
    [
      167.98575,
      117.27035850000004,
      210.14683350000007,
      127.16990850000002
    ]
  ],
  "chunk_index": 19
}