{
  "headings": [
    "(Contractor or Subcontractor)"
  ],
  "page_numbers": [
    126
  ],
  "text": "(c) EXCEPTIONS",
  "bboxes": [
    [
      171.40601219658387,
      422.4767447581587,
      180.60902498090596,
      477.73255835679157
    ]
  ],
  "chunk_index": 1092
}