{
  "headings": [
    "BROWNSTONE CONSTRUCTION, LTD. SAFETY PROGRAM"
  ],
  "page_numbers": [
    22
  ],
  "text": "- 12) Require all employees to park in designated parking areas.",
  "bboxes": [
    [
      72.0,
      403.4703585000001,
      351.0102990000004,
      413.36990850000007
    ]
  ],
  "chunk_index": 220
}