{
  "headings": [
    "Section 1."
  ],
  "page_numbers": [
    1
  ],
  "text": "OWNER: ADDRESS",
  "bboxes": [
    [
      50.400000000000006,
      176.67035850000002,
      100.51372200000002,
      198.4499085
    ]
  ],
  "chunk_index": 16
}