{
  "headings": [
    "Section 3 Worker and Targeted Section 3 Worker Self-Certification"
  ],
  "page_numbers": [
    39
  ],
  "text": "Date Hired:",
  "bboxes": [
    [
      323.33,
      577.9684,
      376.75888000000003,
      589.0737999999999
    ]
  ],
  "chunk_index": 401
}