{
  "headings": [
    "THE SECTION 3 REPORTING GOALS FOR THIS PROJECT ARE:"
  ],
  "page_numbers": [
    30
  ],
  "text": "- a. See below UPDATED DEFINITIONS .\n5. Submit REQUIRED PAPERWORK to Oryx Compliance.",
  "bboxes": [
    [
      129.619,
      320.135,
      306.88147999999995,
      331.115
    ],
    [
      93.6,
      306.695,
      348.24147999999997,
      317.675
    ]
  ],
  "chunk_index": 294
}