{
  "headings": [
    "Section 35. Default; Termination; Termination for Convenience."
  ],
  "page_numbers": [
    16
  ],
  "text": "Exhibit 'H' - Subcontractor Project Information Sheet",
  "bboxes": [
    [
      50.400000000000006,
      350.5503585,
      311.45113350000014,
      360.4499085
    ]
  ],
  "chunk_index": 142
}