{
  "headings": [
    "Part I| - Acknowledgment Of Subcontractor"
  ],
  "page_numbers": [
    141
  ],
  "text": "14. Name(s) Of Any Intermediate Subcontractors, If Any",
  "bboxes": [
    [
      37.96240950161924,
      750.5581394645636,
      327.8571442021401,
      763.3333336326546
    ]
  ],
  "chunk_index": 1165
}