{
  "headings": [
    "AFFIDAVIT OF BILLS PAID"
  ],
  "page_numbers": [
    130
  ],
  "text": "_________________________________",
  "bboxes": [
    [
      215.25,
      299.7903585,
      396.74175000000054,
      309.6899085
    ]
  ],
  "chunk_index": 1108
}