{
  "headings": [
    "AFFIDAVIT OF BILLS PAID"
  ],
  "page_numbers": [
    130
  ],
  "text": "Title: ____________________",
  "bboxes": [
    [
      194.39999999999998,
      240.39035850000005,
      349.6469430000004,
      250.28990850000002
    ]
  ],
  "chunk_index": 1112
}