{
  "headings": [
    "EXHIBIT 'E' HUD SECTION 3 CLAUSE"
  ],
  "page_numbers": [
    129
  ],
  "text": "INTENTIONALLY OMITTED",
  "bboxes": [
    [
      236.33100000000002,
      688.5903585,
      375.6616664999998,
      698.4899085
    ]
  ],
  "chunk_index": 1100
}