{
  "headings": [
    "Please mail original blue/black ink signature documents to:"
  ],
  "page_numbers": [
    67
  ],
  "text": "Blake@oryxcompliance.com",
  "bboxes": [
    [
      57.6,
      121.98000000000002,
      198.31199999999998,
      133.98000000000002
    ]
  ],
  "chunk_index": 707
}