{
  "headings": [
    "Section 35. Default; Termination; Termination for Convenience."
  ],
  "page_numbers": [
    16
  ],
  "text": "Exhibit 'F' - Affidavit of Bills Paid Form",
  "bboxes": [
    [
      50.400000000000006,
      469.35035849999997,
      245.94911100000007,
      479.2499085
    ]
  ],
  "chunk_index": 137
}