{
  "headings": [
    "DAVIS BACON COMPLIANCE REMINDERS"
  ],
  "page_numbers": [
    70
  ],
  "text": "\"General Decision Number: LA20240001 10/04/2024",
  "bboxes": [
    [
      88.125,
      746.0615,
      339.70425,
      757.45925
    ]
  ],
  "chunk_index": 731
}