{
  "headings": [
    "WAGE DETERMINATION APPEALS PROCESS"
  ],
  "page_numbers": [
    76
  ],
  "text": "================================================================",
  "bboxes": [
    [
      34.499,
      99.56574999999998,
      376.61823200000003,
      110.94830300000001
    ]
  ],
  "chunk_index": 789
}