{
  "headings": [
    "Business Concern Affirmation:"
  ],
  "page_numbers": [
    36
  ],
  "text": "Phone Number:",
  "bboxes": [
    [
      293.45,
      127.88740000000007,
      370.63888000000003,
      138.9928
    ]
  ],
  "chunk_index": 367
}