{
  "headings": [
    "B. Contract Work Hours and Safety Standards Act (CWHSSA)"
  ],
  "page_numbers": [
    86
  ],
  "text": "- B. A contracting agency for its reprocurement costs;",
  "bboxes": [
    [
      113.16,
      223.84295999999995,
      354.53477999999996,
      237.29956000000004
    ]
  ],
  "chunk_index": 884
}