{
  "headings": [
    "Section 35. Default; Termination; Termination for Convenience."
  ],
  "page_numbers": [
    16
  ],
  "text": "Exhibit 'D' - Federal Labor Standards Provisions",
  "bboxes": [
    [
      50.400000000000006,
      516.8703585000001,
      288.1680120000002,
      526.7699085
    ]
  ],
  "chunk_index": 135
}