{
  "headings": [
    "Section 1."
  ],
  "page_numbers": [
    1
  ],
  "text": "The parties agree as follows:",
  "bboxes": [
    [
      50.400000000000006,
      544.9503585,
      176.58626400000003,
      554.8499085000001
    ]
  ],
  "chunk_index": 3
}