{
  "headings": [
    "Section 1."
  ],
  "page_numbers": [
    1
  ],
  "text": "April 22nd, 2025",
  "bboxes": [
    [
      50.400000000000006,
      568.7103585,
      125.86949999999999,
      578.6099085000001
    ]
  ],
  "chunk_index": 2
}