{
  "headings": [
    "Part I| - Acknowledgment Of Subcontractor"
  ],
  "page_numbers": [
    141
  ],
  "text": "17. Date Signed",
  "bboxes": [
    [
      486.6090205325717,
      681.3333331310877,
      572.8872187747592,
      695.3333331310876
    ]
  ],
  "chunk_index": 1169
}