{
  "headings": [
    "DAVIS-BACON LABOR STANDARDS"
  ],
  "page_numbers": [
    89
  ],
  "text": "January 2012 Previous versions obsolete",
  "bboxes": [
    [
      36.0,
      31.988000000000056,
      243.55300000000003,
      72.77099999999996
    ]
  ],
  "chunk_index": 901
}