{
  "headings": [
    "Quick Links"
  ],
  "page_numbers": [
    77
  ],
  "text": "- Related Links",
  "bboxes": [
    [
      371.28,
      574.8480000000001,
      456.284,
      588.1320000000001
    ]
  ],
  "chunk_index": 800
}