{
  "headings": [
    "I. GENERAL QUESTIONS REGARDING SECTION 3:"
  ],
  "page_numbers": [
    43
  ],
  "text": "3. What Does 'Section 3 Worker' Mean?\n4. What Does 'Targeted Section 3 Worker' Mean?",
  "bboxes": [
    [
      57.624,
      455.87800000000004,
      266.21,
      469.16200000000003
    ],
    [
      57.624,
      442.07800000000003,
      311.95,
      455.362
    ]
  ],
  "chunk_index": 446
}