{
  "headings": [
    "BROWNSTONE CONSTRUCTION, LTD. SUBCONTRACT FOR Allegra at Shreveport"
  ],
  "page_numbers": [
    2
  ],
  "text": "- (a) N/A.\n- 3.4. Subcontractor shall provide insurance certificates as required under Section 16 of this Subcontract as a condition of payment under this Subcontract.",
  "bboxes": [
    [
      122.39999999999999,
      386.1903585,
      168.441375,
      396.0899085
    ],
    [
      50.400000000000006,
      350.5503585,
      561.5973614999999,
      372.3299085
    ]
  ],
  "chunk_index": 34
}