{
  "headings": [
    "B.  The Scope:"
  ],
  "page_numbers": [
    21
  ],
  "text": "Contractor ______________",
  "bboxes": [
    [
      400.03,
      73.90560000000005,
      543.16912,
      86.21519999999998
    ]
  ],
  "chunk_index": 204
}