{
  "headings": [
    "DAVIS BACON COMPLIANCE REMINDERS"
  ],
  "page_numbers": [
    72
  ],
  "text": "Rates          Fringes",
  "bboxes": [
    [
      34.499,
      155.81574999999998,
      333.85332800000003,
      167.198303
    ]
  ],
  "chunk_index": 755
}