{
  "headings": [
    "CONTRACTOR:"
  ],
  "page_numbers": [
    17
  ],
  "text": "Date:",
  "bboxes": [
    [
      307.38,
      490.1103585,
      331.204917,
      500.00990850000005
    ]
  ],
  "chunk_index": 153
}