{
  "headings": [
    "Part I| - Acknowledgment Of Subcontractor"
  ],
  "page_numbers": [
    141
  ],
  "text": "- Hank Vu 15a. Name Of Person Signing",
  "bboxes": [
    [
      37.96240725395446,
      671.58,
      194.41353326373647,
      694.1511627506981
    ]
  ],
  "chunk_index": 1166
}