{
  "headings": [
    "DAVIS BACON COMPLIANCE REMINDERS"
  ],
  "page_numbers": [
    74
  ],
  "text": "Union Rate Identifiers",
  "bboxes": [
    [
      34.499,
      65.81574999999998,
      152.102486,
      77.19830300000001
    ]
  ],
  "chunk_index": 765
}