{
  "headings": [
    "2-5 COMPLETING A PAYROLL REPORT."
  ],
  "page_numbers": [
    111
  ],
  "text": "- h. Net pay. Show the net amount of wages paid.",
  "bboxes": [
    [
      72.0,
      519.5509999999999,
      336.57500000000005,
      536.183
    ]
  ],
  "chunk_index": 1005
}