{
  "headings": [
    "UNCONDITIONAL WAIVER AND RELEASE ON FINAL PAYMENT"
  ],
  "page_numbers": [
    134
  ],
  "text": "Job No. ___________________",
  "bboxes": [
    [
      50.400000000000006,
      588.1503585,
      191.86456949999996,
      598.0499085
    ]
  ],
  "chunk_index": 1145
}