{
  "headings": [
    "(b) WHERE FRINGE BENEFITS ARE PAID IN CASH"
  ],
  "page_numbers": [
    126
  ],
  "text": "(Contractor or Subcontractor)",
  "bboxes": [
    [
      187.40573654539762,
      156.46727006149797,
      197.94013430642462,
      249.90873734665422
    ]
  ],
  "chunk_index": 1074
}