{
  "headings": [
    "4. What is the reporting timeline for Public Housing Authorities and other recipients of public housing financial assistance?"
  ],
  "page_numbers": [
    58
  ],
  "text": "6/30 FYE",
  "bboxes": [
    [
      13.170057986357408,
      668.0727273729763,
      38.735465081312846,
      675.1828124848327
    ]
  ],
  "chunk_index": 608
}