{
  "headings": [
    "AFFIDAVIT OF BILLS PAID"
  ],
  "page_numbers": [
    130
  ],
  "text": "By: ______________________________",
  "bboxes": [
    [
      214.1775,
      276.03035850000003,
      397.8141525000005,
      285.9299085
    ]
  ],
  "chunk_index": 1109
}