{
  "headings": [
    "CONTRACTOR:"
  ],
  "page_numbers": [
    17
  ],
  "text": "Name:",
  "bboxes": [
    [
      307.38,
      539.6306085,
      336.704667,
      549.5301585
    ]
  ],
  "chunk_index": 151
}