{
  "headings": [
    "B.  The Scope:"
  ],
  "page_numbers": [
    21
  ],
  "text": "Subcontractor ______________",
  "bboxes": [
    [
      382.87,
      48.58460000000002,
      543.16912,
      60.894199999999955
    ]
  ],
  "chunk_index": 205
}