{
  "headings": [
    "H. Use of the Contractor's Equipment"
  ],
  "page_numbers": [
    28
  ],
  "text": "- I. Release and Waiver NEGLIGENCE.",
  "bboxes": [
    [
      72.0,
      314.91035850000003,
      185.81980800000002,
      491.1299085
    ]
  ],
  "chunk_index": 278
}