{
  "headings": [
    "DEFINITIONS"
  ],
  "page_numbers": [
    31
  ],
  "text": "2. The worker is employed by a Section 3 business concern; or\n3. The worker is a YouthBuild participant.",
  "bboxes": [
    [
      93.6,
      414.895,
      382.68147999999997,
      425.875
    ],
    [
      93.6,
      398.995,
      290.08148,
      409.975
    ]
  ],
  "chunk_index": 309
}