{
  "headings": [
    "BROWNSTONE CONSTRUCTION, LTD. SUBCONTRACT FOR Allegra at Shreveport"
  ],
  "page_numbers": [
    1
  ],
  "text": "JOB# 00-03098 CODE# 12-526 , 17-174",
  "bboxes": [
    [
      448.245,
      639.9903585,
      561.5996250000001,
      669.3299085
    ]
  ],
  "chunk_index": 22
}