{
  "headings": [
    "Section 35. Default; Termination; Termination for Convenience."
  ],
  "page_numbers": [
    16
  ],
  "text": "Exhibit 'G-4' - Unconditional Waiver and Release on Final Payment Form",
  "bboxes": [
    [
      50.400000000000006,
      374.31035850000006,
      403.8029355000001,
      384.20990850000004
    ]
  ],
  "chunk_index": 141
}