{
  "headings": [
    "(b) WHERE FRINGE BENEFITS ARE PAID IN CASH"
  ],
  "page_numbers": [
    126
  ],
  "text": "on the",
  "bboxes": [
    [
      180.6090216336855,
      356.8604652098327,
      189.81203092120177,
      378.7325584105163
    ]
  ],
  "chunk_index": 1073
}