{
  "headings": [
    "UNCONDITIONAL WAIVER AND RELEASE ON PROGRESS PAYMENT"
  ],
  "page_numbers": [
    133
  ],
  "text": "Project ___________________",
  "bboxes": [
    [
      50.400000000000006,
      623.7903585,
      188.80670849999998,
      633.6899085
    ]
  ],
  "chunk_index": 1134
}