{
  "headings": [
    "7/1/2022 10/1/2022"
  ],
  "page_numbers": [
    58
  ],
  "text": "4/1/2023",
  "bboxes": [
    [
      453.97965108675527,
      712.9963636580846,
      483.4186046342331,
      721.5163637850426
    ]
  ],
  "chunk_index": 623
}