{
  "headings": [
    "Section 1."
  ],
  "page_numbers": [
    1
  ],
  "text": "Golden Stones, L.P. 7902 Hillmont St. Houston, Texas 77040",
  "bboxes": [
    [
      167.98575,
      247.9503585,
      266.3467500000001,
      281.60990849999996
    ]
  ],
  "chunk_index": 11
}