{
  "headings": [
    "E. Evidence of Insurance. Insurance must be evidenced as follows:"
  ],
  "page_numbers": [
    27
  ],
  "text": "- iii. Approved certificate form shall specify:\n- a. Contractor as certificate holder at Contractor's mailing address;",
  "bboxes": [
    [
      93.59925000000001,
      706.9503585,
      290.59727700000025,
      716.8499085
    ],
    [
      115.19924999999999,
      695.0703585,
      416.0993040000003,
      704.9699085
    ]
  ],
  "chunk_index": 258
}