{
  "headings": [
    "Section 1."
  ],
  "page_numbers": [
    1
  ],
  "text": "PLANS & SPECIFICATIONS: As Set Forth in Exhibit I",
  "bboxes": [
    [
      50.400000000000006,
      93.51035850000005,
      298.97770050000014,
      103.40990850000003
    ]
  ],
  "chunk_index": 20
}