{
  "headings": [
    "A. General Requirements:"
  ],
  "page_numbers": [
    19
  ],
  "text": "- 6) Protect all adjacent property and work-in-place from damage resulting from this work.",
  "bboxes": [
    [
      50.400000000000006,
      249.03035850000003,
      452.40670800000044,
      258.9299085
    ]
  ],
  "chunk_index": 169
}