{
  "headings": [
    "Certificates of Insurance should be sent in a timely manner to:"
  ],
  "page_numbers": [
    28
  ],
  "text": "Houston, Texas 77057",
  "bboxes": [
    [
      50.400000000000006,
      231.75035850000006,
      152.03538,
      241.64990850000004
    ]
  ],
  "chunk_index": 280
}