{
  "headings": [
    "CONTRACTOR:"
  ],
  "page_numbers": [
    17
  ],
  "text": "Title:",
  "bboxes": [
    [
      307.38,
      514.8708584999999,
      330.83093400000007,
      524.7704085
    ]
  ],
  "chunk_index": 152
}