{
  "headings": [
    "4. What is the reporting timeline for Public Housing Authorities and other recipients of public housing financial assistance?"
  ],
  "page_numbers": [
    58
  ],
  "text": "Section 3 Transition",
  "bboxes": [
    [
      242.48401068362787,
      762.5672727002402,
      319.1802319684942,
      771.8618181778689
    ]
  ],
  "chunk_index": 620
}