{
  "headings": [
    "Procore Pay"
  ],
  "page_numbers": [
    139
  ],
  "text": "3. Use of Procore Pay for Payments:\n- a. Once draws are approved, payment will be disbursed using Procore Pay, which automates payment processing, including lien waiver management and compliance document handling.",
  "bboxes": [
    [
      72.01823999999999,
      547.5473370297024,
      248.13935999999998,
      556.7755199999995
    ],
    [
      108.01968,
      507.24029702970233,
      550.6033440000001,
      543.3398399999994
    ]
  ],
  "chunk_index": 1156
}