{
  "headings": [
    "Procore Pay"
  ],
  "page_numbers": [
    139
  ],
  "text": "6. Reporting Issues:\n- a. Notify the General Contractor within fi ve (5) business days if payment has not been received after submission and approval of a draw via Procore Pay.",
  "bboxes": [
    [
      71.99616000000006,
      413.30093702970237,
      174.07200000000006,
      422.5291199999994
    ],
    [
      107.98656000000007,
      386.4295770297024,
      522.2945760000003,
      409.0934399999994
    ]
  ],
  "chunk_index": 1159
}