{
  "headings": [
    "(Contractor or Subcontractor)"
  ],
  "page_numbers": [
    126
  ],
  "text": "EXCEPTION (CRAFT)",
  "bboxes": [
    [
      188.66165031095133,
      451.2558138896787,
      199.01504005094156,
      514.5697685609026
    ]
  ],
  "chunk_index": 1093
}