{
  "headings": [
    "DEFINITIONS"
  ],
  "page_numbers": [
    31
  ],
  "text": "Sincerely,",
  "bboxes": [
    [
      57.6,
      165.09400000000005,
      103.10148000000001,
      176.07400000000007
    ]
  ],
  "chunk_index": 315
}