{
  "headings": [
    "Section 1."
  ],
  "page_numbers": [
    1
  ],
  "text": "DESCRIPTION OF WORK:      See",
  "bboxes": [
    [
      50.400000000000006,
      212.31035850000012,
      213.144375,
      222.20990849999998
    ]
  ],
  "chunk_index": 14
}