{
  "headings": [
    "Section 9. Safety, Environmental, Governing Authorities:"
  ],
  "page_numbers": [
    5
  ],
  "text": "Payments are to be made as follows:",
  "bboxes": [
    [
      50.400000000000006,
      409.9503585,
      210.6517155000001,
      419.8499085
    ]
  ],
  "chunk_index": 53
}