{
  "headings": [
    "7/1/2022 10/1/2022"
  ],
  "page_numbers": [
    58
  ],
  "text": "1/1/2023",
  "bboxes": [
    [
      405.94767465258093,
      712.9963635406119,
      434.61191789293747,
      721.5163636675699
    ]
  ],
  "chunk_index": 622
}