{
  "headings": [
    "Section 12. Applications for Payment, Releases, Lien-Free Project"
  ],
  "page_numbers": [
    7
  ],
  "text": "Section 17. Applicable laws, taxes and permits.",
  "bboxes": [
    [
      50.400000000000006,
      112.9503585,
      278.4829050000002,
      122.84990850000008
    ]
  ],
  "chunk_index": 68
}