{
  "headings": [
    "Part I| - Acknowledgment Of Subcontractor"
  ],
  "page_numbers": [
    141
  ],
  "text": "- Vice President 15b. Title Of Person Signing",
  "bboxes": [
    [
      37.96240620377167,
      636.21,
      185.21052428645393,
      663.0697675097823
    ]
  ],
  "chunk_index": 1167
}