{
  "headings": [
    "Certification:"
  ],
  "page_numbers": [
    39
  ],
  "text": "Date:",
  "bboxes": [
    [
      324.77,
      180.08839999999998,
      352.51888,
      191.1938
    ]
  ],
  "chunk_index": 413
}