{
  "headings": [
    "2. General Insurance Requirements"
  ],
  "page_numbers": [
    25
  ],
  "text": "- A. Definitions. For purposes of this Agreement:",
  "bboxes": [
    [
      72.0,
      121.71035849999998,
      291.7585635000002,
      131.60990849999996
    ]
  ],
  "chunk_index": 240
}