{
  "headings": [
    "CONDITIONAL WAIVER AND RELEASE ON PROGRESS PAYMENT"
  ],
  "page_numbers": [
    131
  ],
  "text": "By ______________________________ (Signature)",
  "bboxes": [
    [
      86.4,
      374.31035850000006,
      319.21541700000034,
      384.20990850000004
    ]
  ],
  "chunk_index": 1121
}