{
  "headings": [
    "BROWNSTONE CONSTRUCTION, LTD. SUBCONTRACT FOR Allegra at Shreveport"
  ],
  "page_numbers": [
    2
  ],
  "text": "Subcontract Work.",
  "bboxes": [
    [
      115.19924999999999,
      706.9503585,
      197.07952800000004,
      716.8499085
    ]
  ],
  "chunk_index": 24
}