{
  "headings": [
    "Part I| - Acknowledgment Of Subcontractor"
  ],
  "page_numbers": [
    141
  ],
  "text": "16. By (Signature)",
  "bboxes": [
    [
      256.5338356507384,
      682.6395347309008,
      356.61653828745716,
      695.3333334318693
    ]
  ],
  "chunk_index": 1168
}