{
  "headings": [
    "4. What is the reporting timeline for Public Housing Authorities and other recipients of public housing financial assistance?"
  ],
  "page_numbers": [
    58
  ],
  "text": "12/31 FYE",
  "bboxes": [
    [
      13.125377236531468,
      619.0884820153638,
      41.87898363702128,
      626.4351544310971
    ]
  ],
  "chunk_index": 610
}