{
  "headings": [
    "Section 35. Default; Termination; Termination for Convenience."
  ],
  "page_numbers": [
    16
  ],
  "text": "Exhibit 'I' - NA",
  "bboxes": [
    [
      50.400000000000006,
      326.7903585,
      129.94003800000002,
      336.6899085
    ]
  ],
  "chunk_index": 143
}