{
  "headings": [
    "AFFIDAVIT OF BILLS PAID"
  ],
  "page_numbers": [
    130
  ],
  "text": "Printed Name: ______________________",
  "bboxes": [
    [
      212.1975,
      252.27035850000004,
      399.79397250000045,
      262.1699085
    ]
  ],
  "chunk_index": 1111
}