{
  "headings": [
    "(Contractor or Subcontractor)"
  ],
  "page_numbers": [
    126
  ],
  "text": "(4) That:",
  "bboxes": [
    [
      470.50375813872637,
      75.9767445049929,
      479.7067680620255,
      103.6046513043093
    ]
  ],
  "chunk_index": 1082
}