{
  "headings": [
    "Section 33."
  ],
  "page_numbers": [
    12
  ],
  "text": "- (d) Subcontractor will submit labor and/or materiel lien releases in accordance with Section 12.2 with each payment request.",
  "bboxes": [
    [
      50.400000000000006,
      136.71035849999998,
      561.5986109999999,
      158.48990849999996
    ]
  ],
  "chunk_index": 104
}