{
  "headings": [
    "AFFIDAVIT OF BILLS PAID"
  ],
  "page_numbers": [
    130
  ],
  "text": "[Signature of Affiant]",
  "bboxes": [
    [
      258.28725,
      264.15035850000004,
      353.10294000000016,
      274.0499085
    ]
  ],
  "chunk_index": 1110
}