{
  "headings": [
    "Section 1."
  ],
  "page_numbers": [
    1
  ],
  "text": "BAH Allegra at Shreveport, LLC. 750 Bering Drive Suite 400 Houston, Texas 77057 8740 Youree Drive Shreveport , Louisiana 71115",
  "bboxes": [
    [
      167.98575,
      141.03035850000003,
      316.0830180000001,
      198.4499085
    ]
  ],
  "chunk_index": 17
}