{
  "headings": [
    "(b) WHERE FRINGE BENEFITS ARE PAID IN CASH"
  ],
  "page_numbers": [
    126
  ],
  "text": "(Name of Signatory Party)",
  "bboxes": [
    [
      139.19548493807608,
      103.60465292764809,
      148.39849994763824,
      187.63953451944496
    ]
  ],
  "chunk_index": 1069
}