{
  "headings": [
    "A.  General Requirements:"
  ],
  "page_numbers": [
    20
  ],
  "text": "Exhibit A",
  "bboxes": [
    [
      288.05,
      73.90560000000005,
      334.57912,
      86.21519999999998
    ]
  ],
  "chunk_index": 185
}