{
  "headings": [
    "Certification:"
  ],
  "page_numbers": [
    38
  ],
  "text": "Employer Phone:",
  "bboxes": [
    [
      315.89,
      185.00739999999996,
      400.87888000000004,
      196.1128
    ]
  ],
  "chunk_index": 393
}