{
  "headings": [
    "13. Which recipient agencies (or sources of HUD financial assistance) are required to comply with Section 3?"
  ],
  "page_numbers": [
    49
  ],
  "text": "- Community Development Block Grant (CDBG)\n- HOME Investment Partnership",
  "bboxes": [
    [
      75.624,
      187.02800000000002,
      331.03,
      201.68000000000006
    ],
    [
      75.624,
      171.308,
      248.93,
      185.96000000000004
    ]
  ],
  "chunk_index": 542
}