{
  "headings": [
    "WAGE DETERMINATION APPEALS PROCESS"
  ],
  "page_numbers": [
    76
  ],
  "text": "*  a survey underlying a wage determination\n*  a conformance (additional classification and rate) ruling",
  "bboxes": [
    [
      34.499,
      639.56575,
      264.360359,
      650.948303
    ],
    [
      34.499,
      605.81575,
      355.23578000000003,
      617.198303
    ]
  ],
  "chunk_index": 779
}