{
  "headings": [
    "Section 3 Worker Employer Certification Form"
  ],
  "page_numbers": [
    38
  ],
  "text": "Date Hired:",
  "bboxes": [
    [
      323.33,
      581.3284,
      376.75888000000003,
      592.4337999999999
    ]
  ],
  "chunk_index": 380
}