{
  "headings": [
    "(Contractor or Subcontractor)"
  ],
  "page_numbers": [
    126
  ],
  "text": "basic hourly wage rate plus the amount of the required fringe benefits as listed",
  "bboxes": [
    [
      149.54886195988948,
      474.2790690741794,
      159.902265687103,
      703.3604696275648
    ]
  ],
  "chunk_index": 1090
}