{
  "headings": [
    "4. What is the reporting timeline for Public Housing Authorities and other recipients of public housing financial assistance?"
  ],
  "page_numbers": [
    58
  ],
  "text": "Transition",
  "bboxes": [
    [
      59.65261654390648,
      619.2763637654493,
      89.09157009138421,
      625.4727272056053
    ]
  ],
  "chunk_index": 615
}