{
  "headings": [
    "(b) WHERE FRINGE BENEFITS ARE PAID IN CASH"
  ],
  "page_numbers": [
    126
  ],
  "text": "from the full",
  "bboxes": [
    [
      256.5338326598414,
      343.0465118861264,
      266.8872198567001,
      383.3372096196875
    ]
  ],
  "chunk_index": 1078
}