{
  "headings": [
    "Quick Links"
  ],
  "page_numbers": [
    77
  ],
  "text": "- Forms",
  "bboxes": [
    [
      371.28,
      643.8480000000001,
      419.877,
      657.1320000000001
    ]
  ],
  "chunk_index": 795
}