{
  "headings": [
    "4. What is the reporting timeline for Public Housing Authorities and other recipients of public housing financial assistance?"
  ],
  "page_numbers": [
    58
  ],
  "text": "10/1/2021",
  "bboxes": [
    [
      162.68895321464967,
      712.9963635318766,
      194.45203514194918,
      722.2909090095053
    ]
  ],
  "chunk_index": 618
}