{
  "headings": [
    "D. Forms"
  ],
  "page_numbers": [
    26
  ],
  "text": "- ii. Any policy or endorsement form other than a form specified in this Exhibit must be approved in advance by Contractor.",
  "bboxes": [
    [
      93.59925000000001,
      172.35035849999997,
      561.5993609999999,
      194.12990850000006
    ]
  ],
  "chunk_index": 254
}