{
  "headings": [
    "Section 35. Default; Termination; Termination for Convenience."
  ],
  "page_numbers": [
    16
  ],
  "text": "Exhibit 'E' - NA",
  "bboxes": [
    [
      50.400000000000006,
      493.1103585,
      132.997788,
      503.00990850000005
    ]
  ],
  "chunk_index": 136
}