{
  "headings": [
    "Certification:"
  ],
  "page_numbers": [
    38
  ],
  "text": "Date:",
  "bboxes": [
    [
      77.664,
      185.00739999999996,
      102.58068,
      196.1128
    ]
  ],
  "chunk_index": 392
}