{
  "headings": [
    "5. Are all public housing residents considered Section 3 workers regardless of their income?"
  ],
  "page_numbers": [
    61
  ],
  "text": "2. The worker is employed by a Section 3 business concern; or\n3. The worker is a YouthBuild participant.",
  "bboxes": [
    [
      75.624,
      109.62699999999995,
      385.99,
      122.91100000000006
    ],
    [
      75.624,
      94.75099999999998,
      288.67,
      108.03499999999997
    ]
  ],
  "chunk_index": 663
}