{
  "headings": [
    "CONDITIONAL WAIVER AND RELEASE ON FINAL PAYMENT"
  ],
  "page_numbers": [
    132
  ],
  "text": "Project ___________________",
  "bboxes": [
    [
      50.400000000000006,
      683.1903585,
      188.80670849999998,
      693.0899085
    ]
  ],
  "chunk_index": 1123
}