{
  "headings": [
    "(Contractor or Subcontractor)"
  ],
  "page_numbers": [
    126
  ],
  "text": "EXPLANATION",
  "bboxes": [
    [
      188.66165223978558,
      612.4186042811901,
      197.8646634346505,
      657.3139544195366
    ]
  ],
  "chunk_index": 1094
}