{
  "headings": [
    "Golden Stones, L.P."
  ],
  "page_numbers": [
    17
  ],
  "text": "Title:",
  "bboxes": [
    [
      307.38,
      356.4303585,
      330.83093400000007,
      366.3299085
    ]
  ],
  "chunk_index": 155
}