{
  "headings": [
    "(b)  INDEMNITY FOR EMPLOYEE CLAIMS:"
  ],
  "page_numbers": [
    10
  ],
  "text": "THE CONTRACT DOCUMENTS, AND THEIR RESPECTIVE REPRESENTATIVES, PARTNERS,",
  "bboxes": [
    [
      50.400000000000006,
      53.54960849999998,
      526.5353565,
      63.44915850000007
    ]
  ],
  "chunk_index": 88
}