{
  "headings": [
    "Please mail original blue/black ink signature documents to:"
  ],
  "page_numbers": [
    67
  ],
  "text": "Brandi Daugherty Ph:  512-619-8128 brandi@oryxcompliance.com",
  "bboxes": [
    [
      57.6,
      165.89999999999998,
      203.66400000000002,
      207.18000000000006
    ]
  ],
  "chunk_index": 704
}