{
  "headings": [
    "(Contractor or Subcontractor)"
  ],
  "page_numbers": [
    126
  ],
  "text": "REMARKS.",
  "bboxes": [
    [
      377.3233070109068,
      407.51162776237544,
      386.5263169342059,
      436.29069829867103
    ]
  ],
  "chunk_index": 1095
}