{
  "headings": [
    "Procore Pay"
  ],
  "page_numbers": [
    139
  ],
  "text": "Subcontractor ______________",
  "bboxes": [
    [
      378.3576,
      59.58509702970298,
      524.2512,
      68.81327999999996
    ]
  ],
  "chunk_index": 1162
}