{
  "headings": [
    "Section 1."
  ],
  "page_numbers": [
    1
  ],
  "text": "(713)934-7887",
  "bboxes": [
    [
      167.98575,
      236.0703585,
      233.97175050000013,
      245.96990849999997
    ]
  ],
  "chunk_index": 13
}