{
  "headings": [
    "(b) WHERE FRINGE BENEFITS ARE PAID IN CASH"
  ],
  "page_numbers": [
    126
  ],
  "text": "do hereby state:",
  "bboxes": [
    [
      151.84962216459763,
      62.16279064662683,
      161.05263335946253,
      112.81395438360596
    ]
  ],
  "chunk_index": 1071
}