{
  "headings": [
    "(Contractor or Subcontractor)"
  ],
  "page_numbers": [
    126
  ],
  "text": "have been or will be made to appropriate programs for the benefit of such",
  "bboxes": [
    [
      510.76690136295093,
      127.7790701405446,
      521.1203114479933,
      378.73256135148216
    ]
  ],
  "chunk_index": 1086
}