{
  "headings": [
    "Section 35. Default; Termination; Termination for Convenience."
  ],
  "page_numbers": [
    16
  ],
  "text": "Exhibit 'K' - NA",
  "bboxes": [
    [
      50.400000000000006,
      279.27035850000004,
      134.21878800000002,
      289.1699085
    ]
  ],
  "chunk_index": 145
}