{
  "headings": [
    "Procore Pay"
  ],
  "page_numbers": [
    139
  ],
  "text": "4. Security and Controls:\n- a. You are responsible for maintaining commercially reasonable controls to prevent unauthorized access to Procore Invoicing and Procore Pay through your credentials.",
  "bboxes": [
    [
      72.01824000000002,
      493.80461702970234,
      197.85216,
      503.0327999999994
    ],
    [
      108.00864000000001,
      467.04365702970233,
      521.48976,
      489.5971199999994
    ]
  ],
  "chunk_index": 1157
}