{
  "headings": [
    "Procore Pay"
  ],
  "page_numbers": [
    139
  ],
  "text": "You, as a [subcontractor, supplier, etc.], agree to:",
  "bboxes": [
    [
      54.00096000000002,
      695.2294170297029,
      286.404,
      704.4576
    ]
  ],
  "chunk_index": 1152
}