{
  "headings": [
    "B.  The Scope:"
  ],
  "page_numbers": [
    21
  ],
  "text": "End of Section 14-526 - Granite Countertops",
  "bboxes": [
    [
      72.024,
      110.89160000000004,
      185.85512,
      129.09619999999995
    ]
  ],
  "chunk_index": 206
}