{
  "headings": [
    "(Contractor or Subcontractor)"
  ],
  "page_numbers": [
    126
  ],
  "text": "employees, except as noted in section 4(c) below.",
  "bboxes": [
    [
      519.9699165897206,
      128.9302350331394,
      528.0225625909006,
      277.4302350331394
    ]
  ],
  "chunk_index": 1087
}