{
  "headings": [
    "DAVIS BACON COMPLIANCE REMINDERS"
  ],
  "page_numbers": [
    72
  ],
  "text": "OUACHITA PARISH",
  "bboxes": [
    [
      34.499,
      178.31574999999998,
      114.68319500000001,
      189.698303
    ]
  ],
  "chunk_index": 754
}