{
  "headings": [
    "Section 35. Default; Termination; Termination for Convenience."
  ],
  "page_numbers": [
    16
  ],
  "text": "Exhibit 'L' - Other Project Specific Attachments",
  "bboxes": [
    [
      50.400000000000006,
      255.51035850000005,
      283.1192040000001,
      265.40990850000003
    ]
  ],
  "chunk_index": 146
}