{
  "headings": [
    "DAVIS BACON COMPLIANCE REMINDERS"
  ],
  "page_numbers": [
    72
  ],
  "text": "Rates          Fringes",
  "bboxes": [
    [
      34.499,
      617.06575,
      333.85332800000003,
      628.448303
    ]
  ],
  "chunk_index": 745
}