{
  "headings": [
    "(b) WHERE FRINGE BENEFITS ARE PAID IN CASH"
  ],
  "page_numbers": [
    126
  ],
  "text": "that during the payroll period commencing on the",
  "bboxes": [
    [
      200.16540714029566,
      229.08139640955142,
      210.51880323811463,
      377.5813964095514
    ]
  ],
  "chunk_index": 1075
}