{
  "headings": [
    "Section 1."
  ],
  "page_numbers": [
    1
  ],
  "text": "TELEPHONE:",
  "bboxes": [
    [
      50.400000000000006,
      295.4703585000001,
      117.00197250000001,
      305.36990850000007
    ]
  ],
  "chunk_index": 9
}