{
  "headings": [
    "B.  The Scope:"
  ],
  "page_numbers": [
    21
  ],
  "text": "- 5) Caulk all cracks less than 1/8 inch to match the counter or wall.",
  "bboxes": [
    [
      72.024,
      197.86159999999995,
      400.09911999999997,
      210.1712
    ]
  ],
  "chunk_index": 200
}