{
  "headings": [
    "13. Which recipient agencies (or sources of HUD financial assistance) are required to comply with Section 3?"
  ],
  "page_numbers": [
    49
  ],
  "text": "- Emergency Solutions Grants (ESG)\n- University Partnership Grants",
  "bboxes": [
    [
      75.624,
      108.30799999999999,
      271.37,
      122.96000000000004
    ],
    [
      75.624,
      92.59199999999998,
      242.93,
      107.24400000000003
    ]
  ],
  "chunk_index": 545
}