{
  "headings": [
    "Section 33."
  ],
  "page_numbers": [
    12
  ],
  "text": "- (a) Subcontractor agrees to work its crews on Saturday if requested by Contractor.",
  "bboxes": [
    [
      79.19999999999999,
      267.39035850000005,
      468.4332705000002,
      277.2899085
    ]
  ],
  "chunk_index": 101
}