{
  "headings": [
    "Certificates of Insurance should be sent in a timely manner to:"
  ],
  "page_numbers": [
    28
  ],
  "text": "Brownstone Construction, Ltd. 750 Bering Drive, Suite 400",
  "bboxes": [
    [
      50.400000000000006,
      243.63035850000006,
      196.14337500000005,
      265.40990850000003
    ]
  ],
  "chunk_index": 279
}