{
  "headings": [
    "UNCONDITIONAL WAIVER AND RELEASE ON PROGRESS PAYMENT"
  ],
  "page_numbers": [
    133
  ],
  "text": "Job No. ___________________",
  "bboxes": [
    [
      50.400000000000006,
      600.0303585,
      191.86456949999996,
      609.9299085
    ]
  ],
  "chunk_index": 1135
}