{
  "headings": [
    "Section 35. Default; Termination; Termination for Convenience."
  ],
  "page_numbers": [
    15
  ],
  "text": "Section 47. NA",
  "bboxes": [
    [
      50.400000000000006,
      338.6703585000001,
      137.89829550000002,
      348.56990850000005
    ]
  ],
  "chunk_index": 125
}