{
  "headings": [
    "Business Concern Affirmation:"
  ],
  "page_numbers": [
    36
  ],
  "text": "Business Name:",
  "bboxes": [
    [
      77.664,
      651.0484,
      153.26888,
      662.1537999999999
    ]
  ],
  "chunk_index": 368
}