{
  "headings": [
    "Section 1."
  ],
  "page_numbers": [
    1
  ],
  "text": "Brownstone Construction, Ltd.",
  "bboxes": [
    [
      167.98575,
      331.1103585000001,
      313.729125,
      341.00990850000005
    ]
  ],
  "chunk_index": 7
}