{
  "headings": [
    "4. What is the reporting timeline for Public Housing Authorities and other recipients of public housing financial assistance?"
  ],
  "page_numbers": [
    58
  ],
  "text": "1/1/2022",
  "bboxes": [
    [
      213.04505824126548,
      712.9963635120275,
      240.15988340892144,
      721.5163636389855
    ]
  ],
  "chunk_index": 619
}