{
  "headings": [
    "(b) WHERE FRINGE BENEFITS ARE PAID IN CASH"
  ],
  "page_numbers": [
    126
  ],
  "text": "(1) That I pay or supervise the payment of the persons employed by",
  "bboxes": [
    [
      165.48989653284653,
      77.07563397990236,
      177.3072437415054,
      278.6412467728711
    ]
  ],
  "chunk_index": 1072
}