{
  "headings": [
    "(Contractor or Subcontractor)"
  ],
  "page_numbers": [
    126
  ],
  "text": "(a) WHERE FRINGE BENEFITS ARE PAID TO APPROVED PLANS, FUNDS, OR PROGRAMS",
  "bboxes": [
    [
      476.25562700817983,
      90.9418689662366,
      486.60903455009066,
      372.9767403855074
    ]
  ],
  "chunk_index": 1083
}