{
  "headings": [
    "Procore Pay"
  ],
  "page_numbers": [
    139
  ],
  "text": "2. Invoicing Through Procore Invoicing:\n- a. All draws and invoices must be submitted to the General Contractor using Procore Invoicing, based on the percentage of completed work described in the Project Schedule of Values. Invoices must be submitted by the 27th day of each month.",
  "bboxes": [
    [
      72.00719999999993,
      601.2900570297026,
      262.03871999999996,
      610.5182399999997
    ],
    [
      107.99759999999995,
      560.9830170297024,
      556.3143360000007,
      597.0825599999996
    ]
  ],
  "chunk_index": 1155
}