{
  "headings": [
    "(Contractor or Subcontractor)"
  ],
  "page_numbers": [
    126
  ],
  "text": "the above referenced payroll, payments of fringe benefits as listed in the contract",
  "bboxes": [
    [
      502.7142749259896,
      127.7790701405446,
      511.9173039227751,
      378.73256135148216
    ]
  ],
  "chunk_index": 1085
}