{
  "headings": [
    "Section 31."
  ],
  "page_numbers": [
    11
  ],
  "text": "Delays.",
  "bboxes": [
    [
      122.39999999999999,
      77.30960849999997,
      155.69548650000002,
      87.20915849999994
    ]
  ],
  "chunk_index": 97
}