{
  "headings": [
    "A. General Requirements:"
  ],
  "page_numbers": [
    19
  ],
  "text": "- 8) Escalation costs applicable for all materials and labor for the completion of the work through the end of the project are included.",
  "bboxes": [
    [
      50.400000000000006,
      201.51035850000005,
      561.5991389999999,
      223.28990850000002
    ]
  ],
  "chunk_index": 171
}