{
  "headings": [
    "DAVIS BACON COMPLIANCE REMINDERS"
  ],
  "page_numbers": [
    72
  ],
  "text": "Rates          Fringes",
  "bboxes": [
    [
      34.499,
      335.81575,
      333.85332800000003,
      347.198303
    ]
  ],
  "chunk_index": 751
}