{
  "headings": [
    "(Contractor or Subcontractor)"
  ],
  "page_numbers": [
    126
  ],
  "text": "in the contract, except as noted in section 4(c) below.",
  "bboxes": [
    [
      156.451120806661,
      474.279072645672,
      166.80451817604578,
      631.9883723689793
    ]
  ],
  "chunk_index": 1091
}