{
  "headings": [
    "E. Evidence of Insurance. Insurance must be evidenced as follows:"
  ],
  "page_numbers": [
    27
  ],
  "text": "- h. Personal Injury Contractual Liability;\n- i. Primary and non-contributory status;",
  "bboxes": [
    [
      115.19924999999999,
      588.1503585,
      302.08948650000036,
      598.0499085
    ],
    [
      115.19924999999999,
      576.2703584999999,
      298.81163550000036,
      586.1699085
    ]
  ],
  "chunk_index": 265
}