{
  "headings": [
    "Section 1."
  ],
  "page_numbers": [
    1
  ],
  "text": "TELEPHONE:",
  "bboxes": [
    [
      50.400000000000006,
      236.0703585,
      117.00197250000001,
      245.96990849999997
    ]
  ],
  "chunk_index": 12
}