{
  "headings": [
    "Section 1."
  ],
  "page_numbers": [
    1
  ],
  "text": "JOB ADDRESS:",
  "bboxes": [
    [
      50.400000000000006,
      152.91035850000003,
      125.27359649999998,
      162.8099085
    ]
  ],
  "chunk_index": 18
}