{
  "headings": [
    "WAGE DETERMINATION APPEALS PROCESS"
  ],
  "page_numbers": [
    76
  ],
  "text": "END OF GENERAL DECISION\"",
  "bboxes": [
    [
      34.499,
      77.06574999999998,
      216.249842,
      88.44830300000001
    ]
  ],
  "chunk_index": 790
}