{
  "chunk_index": 758,
  "headings": [
    "DAVIS BACON COMPLIANCE REMINDERS"
  ],
  "text": "BOSSIER, CADDO, OUACHITA, RAPIDES, AND WEBSTER PARISHES\nRates          Fringes\nSheet Metal Worker (including\n----------------------------------------------------------------\nHVAC duct).......................$ 26.09         10.22+3%\n*  SULA2004-012 06/15/2004\nRates          Fringes\nCARPENTER (including drywall installation, and\nhanging, metal stud formbuilding/formsetting)........$ 11.78 **          0.00\nLaborer, common..................$  8.01 **          0.00",
  "page_numbers": [
    73
  ],
  "bboxes": [
    [
      34.499,
      223.31574999999998,
      328.507715,
      234.698303
    ],
    [
      34.499,
      200.81574999999998,
      333.85332800000003,
      212.198303
    ],
    [
      34.499,
      178.31574999999998,
      205.558616,
      189.698303
    ],
    [
      34.499,
      155.81574999999998,
      376.61823200000003,
      167.198303
    ],
    [
      34.499,
      167.06574999999998,
      339.19894100000005,
      178.448303
    ],
    [
      34.499,
      144.56574999999998,
      173.484938,
      155.948303
    ],
    [
      34.499,
      122.06574999999998,
      333.85332800000003,
      133.448303
    ],
    [
      34.499,
      99.56574999999998,
      200.21300300000001,
      110.94830300000001
    ],
    [
      34.499,
      88.31574999999998,
      152.102486,
      99.69830300000001
    ],
    [
      34.499,
      43.31574999999998,
      339.19894100000005,
      54.69830300000001
    ]
  ],
  "filterCombined": true
}