{
  "headings": [
    "4. What is the reporting timeline for Public Housing Authorities and other recipients of public housing financial assistance?"
  ],
  "page_numbers": [
    58
  ],
  "text": "9/30 FYE",
  "bboxes": [
    [
      13.095744479856878,
      643.7795718484482,
      38.809778412542734,
      651.3149735205731
    ]
  ],
  "chunk_index": 609
}