{
  "headings": [
    "(Contractor or Subcontractor)"
  ],
  "page_numbers": [
    126
  ],
  "text": "- in addition to the basic hourly wage rates paid to each laborer or mechanic listed in",
  "bboxes": [
    [
      494.6616426791602,
      117.41861077921203,
      505.0150489495052,
      378.73255527790997
    ]
  ],
  "chunk_index": 1084
}