{
  "headings": [
    "UNCONDITIONAL WAIVER AND RELEASE ON PROGRESS PAYMENT"
  ],
  "page_numbers": [
    133
  ],
  "text": "_________________________________ (Company name)",
  "bboxes": [
    [
      86.4,
      338.6703585000001,
      347.15414700000036,
      348.56990850000005
    ]
  ],
  "chunk_index": 1140
}