{
  "headings": [
    "Procore Pay"
  ],
  "page_numbers": [
    139
  ],
  "text": "- b. Procore Invoicing must be used to submit all draws for completed work, while Procore Pay will be utilized for payment disbursement.",
  "bboxes": [
    [
      108.00863999999996,
      614.6153370297026,
      550.9875360000007,
      637.2791999999997
    ]
  ],
  "chunk_index": 1154
}