{
  "headings": [
    "DAVIS BACON COMPLIANCE REMINDERS"
  ],
  "page_numbers": [
    72
  ],
  "text": "Rates          Fringes",
  "bboxes": [
    [
      34.499,
      493.31575,
      333.85332800000003,
      504.698303
    ]
  ],
  "chunk_index": 748
}