{
  "headings": [
    "4. What is the reporting timeline for Public Housing Authorities and other recipients of public housing financial assistance?"
  ],
  "page_numbers": [
    58
  ],
  "text": "7/1/2021",
  "bboxes": [
    [
      114.65697722220399,
      713.7709092796775,
      141.77180238985991,
      720.7418180705043
    ]
  ],
  "chunk_index": 617
}