{
  "headings": [
    "CONTRACTOR:"
  ],
  "page_numbers": [
    17
  ],
  "text": "Brownstone Construction, Ltd. , a Texas limited partnership",
  "bboxes": [
    [
      273.6405,
      623.7903585,
      546.5675939999998,
      633.6899085
    ]
  ],
  "chunk_index": 149
}