{
  "headings": [
    "(Contractor or Subcontractor)"
  ],
  "page_numbers": [
    126
  ],
  "text": "NAME AND TITLE",
  "bboxes": [
    [
      475.10526125412497,
      407.5116271121712,
      484.3082724489898,
      453.55814098749664
    ]
  ],
  "chunk_index": 1096
}