{
  "headings": [
    "4. What is the reporting timeline for Public Housing Authorities and other recipients of public housing financial assistance?"
  ],
  "page_numbers": [
    58
  ],
  "text": "Transition",
  "bboxes": [
    [
      60.413558759676754,
      644.0049577333756,
      89.1053370666378,
      651.0895877876111
    ]
  ],
  "chunk_index": 614
}