{
  "headings": [
    "UNCONDITIONAL WAIVER AND RELEASE ON FINAL PAYMENT"
  ],
  "page_numbers": [
    134
  ],
  "text": "Project ___________________",
  "bboxes": [
    [
      50.400000000000006,
      611.9103585,
      188.80670849999998,
      621.8099085
    ]
  ],
  "chunk_index": 1144
}