{
  "headings": [
    "(Contractor or Subcontractor)"
  ],
  "page_numbers": [
    126
  ],
  "text": "SIGNATURE",
  "bboxes": [
    [
      477.4060138284646,
      560.6162801313754,
      484.30827174777613,
      592.8488367923455
    ]
  ],
  "chunk_index": 1097
}