{
  "headings": [
    "Golden Stones, L.P."
  ],
  "page_numbers": [
    17
  ],
  "text": "Date:",
  "bboxes": [
    [
      307.38,
      331.6706085,
      331.204917,
      341.5701585
    ]
  ],
  "chunk_index": 156
}