{
  "headings": [
    "DAVIS-BACON - RELATED WEB SITES*"
  ],
  "page_numbers": [
    125
  ],
  "text": "(over)",
  "bboxes": [
    [
      551.030074671579,
      345.348837780397,
      556.7819553173309,
      361.4651161108821
    ]
  ],
  "chunk_index": 1068
}