{
  "headings": [
    "4. What is the reporting timeline for Public Housing Authorities and other recipients of public housing financial assistance?"
  ],
  "page_numbers": [
    58
  ],
  "text": "11/30/2020",
  "bboxes": [
    [
      60.375488361520105,
      712.75677648769,
      95.34108101765567,
      720.9814052669822
    ]
  ],
  "chunk_index": 612
}