{
  "headings": [
    "2. General Insurance Requirements"
  ],
  "page_numbers": [
    26
  ],
  "text": "- ii. 'Subcontractor' shall include subcontractors of any tier.\n- iii. 'ISO' means Insurance Services Office.",
  "bboxes": [
    [
      93.59925000000001,
      730.7103585,
      362.1710235000005,
      740.6099085
    ],
    [
      93.59925000000001,
      718.8303585,
      292.15920600000015,
      728.7299085
    ]
  ],
  "chunk_index": 242
}