{
  "headings": [
    "DEFINITIONS"
  ],
  "page_numbers": [
    31
  ],
  "text": "Oryx Compliance, LLC",
  "bboxes": [
    [
      57.6,
      138.21500000000003,
      156.22148,
      149.19499999999994
    ]
  ],
  "chunk_index": 316
}