{
  "headings": [
    "Birchway Commerce City OCIP Manual"
  ],
  "page_numbers": [
    109
  ],
  "text": "October 15, 2025",
  "bboxes": [
    [
      263.57,
      525.1250329281768,
      351.61912,
      535.02712
    ]
  ],
  "chunk_index": 1825
}