{
  "headings": [
    "Self-Perform Projects"
  ],
  "page_numbers": [
    191
  ],
  "text": "- o One Builders Risk inspection per month",
  "bboxes": [
    [
      79.2,
      416.2122734573947,
      282.00552000000005,
      427.05168
    ]
  ],
  "chunk_index": 266
}