{
  "headings": [
    "In Case of Fire:"
  ],
  "page_numbers": [
    223
  ],
  "text": "See Attached Page 41-A",
  "bboxes": [
    [
      411.06,
      608.7149999999999,
      491.043,
      632.4749999999999
    ]
  ],
  "chunk_index": 684
}