{
  "headings": [
    "HAZARD ASSESSMENT"
  ],
  "page_numbers": [
    232
  ],
  "text": "- o Weekly\n- o When we initially established our IIPP.",
  "bboxes": [
    [
      38.16,
      497.4049786483839,
      91.5678,
      507.33167999999995
    ],
    [
      38.16,
      479.4049786483839,
      227.7708,
      489.33167999999995
    ]
  ],
  "chunk_index": 813
}