{
  "headings": [
    "Motor Vehicles and Equipment"
  ],
  "page_numbers": [
    199
  ],
  "text": "5. Project posted speed limits must be complied with.",
  "bboxes": [
    [
      43.18008000000009,
      619.5914307007422,
      293.26572000000016,
      629.0208000000002
    ]
  ],
  "chunk_index": 373
}