{
  "chunk_index": 2028,
  "headings": [
    "Supplier and Subcontractor Business Classification Form"
  ],
  "text": "Start Date:\n02/13/25\nFinish Date:\n06/27/27\nData Date:\n11/18/25\nRun Date:\n11/17/25\nGCS Birchway Commerce City November 17, 2025 Update Remaining Work Schedule Report",
  "page_numbers": [
    135
  ],
  "bboxes": [
    [
      9.72067859705475,
      74.2610246245556,
      51.354571124618836,
      82.02068948741783
    ],
    [
      60.120548496397355,
      74.2610246245556,
      96.201455358266,
      82.02068948741783
    ],
    [
      9.72067859705475,
      62.98359841366391,
      55.584560205456526,
      70.74326327652602
    ],
    [
      60.12054849639736,
      62.98359841366391,
      96.20145535826602,
      70.74326327652602
    ],
    [
      9.72067859705475,
      51.821506874555666,
      51.354571124618836,
      59.581171737417776
    ],
    [
      60.120548496397355,
      51.821506874555666,
      96.201455358266,
      59.581171737417776
    ],
    [
      9.72067859705475,
      40.54134480030643,
      48.384578791264715,
      48.30100966316854
    ],
    [
      60.120548496397355,
      40.54134480030643,
      96.201455358266,
      48.30100966316854
    ],
    [
      456.7196681385728,
      18.172450757181878,
      680.0944260061332,
      71.51365119187847
    ]
  ],
  "filterCombined": true
}