{
  "headings": [
    "Fall Protection"
  ],
  "page_numbers": [
    198
  ],
  "text": "4. Tie off points must be capable of supporting a 5,000-pound static load per person without failure.",
  "bboxes": [
    [
      43.16016000000019,
      495.63923070074213,
      500.0154000000003,
      505.0686000000002
    ]
  ],
  "chunk_index": 359
}