{
  "headings": [
    "Site Logistics Planning"
  ],
  "page_numbers": [
    190
  ],
  "text": "5. o Site roads\n6. o Toilet locations",
  "bboxes": [
    [
      62.034359999999964,
      560.2241534573949,
      120.00155999999996,
      571.0635600000002
    ],
    [
      62.03435999999996,
      542.2264334573949,
      143.51711999999995,
      553.0658400000002
    ]
  ],
  "chunk_index": 241
}