{
  "headings": [
    "Concrete and Masonry"
  ],
  "page_numbers": [
    200
  ],
  "text": "1. All vertical rebar must be protected when impalement hazards are present.",
  "bboxes": [
    [
      43.2,
      691.582310700742,
      397.68636000000004,
      701.0116800000001
    ]
  ],
  "chunk_index": 391
}