{
  "headings": [
    "Form W-9"
  ],
  "page_numbers": [
    242
  ],
  "text": "(Rev. March 2024)",
  "bboxes": [
    [
      36.0,
      728.285517578125,
      92.92399999999998,
      734.4070175781251
    ]
  ],
  "chunk_index": 959
}