{
  "headings": [
    "Excavations"
  ],
  "page_numbers": [
    199
  ],
  "text": "2. Spoil piles must be stacked no less than 2 feet from the edge of trenches.",
  "bboxes": [
    [
      43.19004000000001,
      382.5845907007419,
      394.91748000000007,
      392.01395999999994
    ]
  ],
  "chunk_index": 380
}