{
  "headings": [
    "CALIFORNIA Dial-A-Forecast"
  ],
  "page_numbers": [
    237
  ],
  "text": "DRIVING SAFETY + DELIVERING QUALITY",
  "bboxes": [
    [
      12.63350698900525,
      758.6666666333333,
      116.3612556801047,
      763.9999999666667
    ]
  ],
  "chunk_index": 894
}