{
  "headings": [
    "Inspection Documentation Requirements"
  ],
  "page_numbers": [
    215
  ],
  "text": "- o Daily hoist inspections\n- o Hoists exposed to winds exceeding 35 miles per hour must be inspected prior to use",
  "bboxes": [
    [
      48.0,
      404.16497864838396,
      171.00828,
      414.09168
    ],
    [
      48.0,
      386.16497864838396,
      452.7667200000001,
      396.09168
    ]
  ],
  "chunk_index": 616
}