{
  "headings": [
    "Cooperation"
  ],
  "page_numbers": [
    125
  ],
  "text": "Visit:",
  "bboxes": [
    [
      152.9,
      653.6750329281767,
      182.95087999999998,
      663.5771199999999
    ]
  ],
  "chunk_index": 1941
}