{
  "headings": [
    "COMPLIANCE"
  ],
  "page_numbers": [
    231
  ],
  "text": "4. Providing training to workers whose safety performance is deficient.",
  "bboxes": [
    [
      24.989880000000085,
      372.6310707007418,
      347.5544400000001,
      382.06043999999986
    ]
  ],
  "chunk_index": 802
}