{
  "headings": [
    "Safety Inspections"
  ],
  "page_numbers": [
    191
  ],
  "text": "Inspection requirements are as follows:",
  "bboxes": [
    [
      43.19999999999999,
      555.8402052765957,
      222.48996,
      565.0524
    ]
  ],
  "chunk_index": 262
}