{
  "headings": [
    "SUBCONTRACTOR LIEN RELEASES"
  ],
  "page_numbers": [
    85
  ],
  "text": "- If you have any lien waiver questions, please contact Accounts Payable",
  "bboxes": [
    [
      39.6,
      403.7206908287293,
      499.53168000000005,
      415.34488000000005
    ]
  ],
  "chunk_index": 1645
}