{
  "headings": [
    "CONDITIONAL WAIVER AND RELEASE OF LIEN UPON FINAL PAYMENT"
  ],
  "page_numbers": [
    93
  ],
  "text": "Title:",
  "bboxes": [
    [
      339.07,
      146.78672000000006,
      365.68,
      155.36228000000006
    ]
  ],
  "chunk_index": 1708
}