{
  "headings": [
    "Material:"
  ],
  "page_numbers": [
    224
  ],
  "text": "- [ ]  Asphalt",
  "bboxes": [
    [
      172.8,
      347.8477276595745,
      220.0616999999999,
      357.132
    ]
  ],
  "chunk_index": 718
}