{
  "headings": [
    "2. STAGING AND LOGISTICS"
  ],
  "page_numbers": [
    74
  ],
  "text": "- 2.2 OVERTIME and WEEKEND WORK: Provided for in section 4 of Subcontract Agreement.",
  "bboxes": [
    [
      63.024,
      166.87503292817678,
      529.12912,
      176.77711999999997
    ]
  ],
  "chunk_index": 1473
}