{
  "headings": [
    "EPA Compliance"
  ],
  "page_numbers": [
    209
  ],
  "text": "4. Subcontractors that track mud into streets will be responsible for immediate cleanup.",
  "bboxes": [
    [
      43.200000000000045,
      180.630590700742,
      442.8051600000001,
      190.05996000000005
    ]
  ],
  "chunk_index": 546
}