{
  "headings": [
    "7.  PAYMENT APPLICATIONS"
  ],
  "page_numbers": [
    81
  ],
  "text": "_________",
  "bboxes": [
    [
      516.94,
      15.59747535911606,
      566.9491600000005,
      24.530880000000025
    ]
  ],
  "chunk_index": 1607
}