{
  "headings": [
    "Subcontractor"
  ],
  "page_numbers": [
    189
  ],
  "text": "- o Competent person (2) and safety coverage requirements",
  "bboxes": [
    [
      48.0,
      382.56497864838394,
      321.24492000000004,
      392.49168
    ]
  ],
  "chunk_index": 217
}