{
  "headings": [
    "ACCIDENT/EXPOSURE INVESTIGATIONS"
  ],
  "page_numbers": [
    232
  ],
  "text": "- o Taking corrective action to prevent the accident/exposure from reoccurring.",
  "bboxes": [
    [
      38.16,
      162.72497864838397,
      396.85176000000007,
      172.65167999999994
    ]
  ],
  "chunk_index": 825
}