{
  "headings": [
    "Part I Taxpayer Identification Number (TIN)"
  ],
  "page_numbers": [
    242
  ],
  "text": "Social security number",
  "bboxes": [
    [
      421.6,
      423.8515160396635,
      498.1939999999999,
      429.967017578125
    ]
  ],
  "chunk_index": 988
}