{
  "headings": [
    "1. SAFETY"
  ],
  "page_numbers": [
    72
  ],
  "text": "- 1.6 FIRST AID: Subcontractor will maintain a first aid cabinet at the site to treat minor cuts and",
  "bboxes": [
    [
      63.024,
      75.19903292817685,
      533.2137599999992,
      85.10112000000004
    ]
  ],
  "chunk_index": 1443
}