{
  "headings": [
    "Ladders and Stairs"
  ],
  "page_numbers": [
    201
  ],
  "text": "6. Stairs must be blocked or barricaded until they are safe for use.",
  "bboxes": [
    [
      43.190039999999996,
      529.5946707007421,
      345.95412,
      539.0240400000001
    ]
  ],
  "chunk_index": 412
}