{
  "headings": [
    "Inspection requirements"
  ],
  "page_numbers": [
    212
  ],
  "text": "5. o Document all conversations with the Compliance Officer and any actions taken",
  "bboxes": [
    [
      61.18776000000008,
      533.2223534573949,
      425.39508000000006,
      544.0617600000002
    ]
  ],
  "chunk_index": 566
}