{
  "headings": [
    "B.7 DAILY LOGS:"
  ],
  "page_numbers": [
    51
  ],
  "text": "- Areas of work for that day:\n- Problems and remarks:",
  "bboxes": [
    [
      108.02,
      93.40800000000002,
      259.25,
      103.74000000000001
    ],
    [
      108.02,
      78.64800000000002,
      239.69,
      88.98000000000002
    ]
  ],
  "chunk_index": 1207
}