{
  "headings": [
    "Motor Vehicles and Equipment"
  ],
  "page_numbers": [
    199
  ],
  "text": "4. Backup alarms on equipment must not be disabled or removed.",
  "bboxes": [
    [
      43.19004000000007,
      637.5891507007422,
      348.95208000000014,
      647.0185200000002
    ]
  ],
  "chunk_index": 372
}