{
  "headings": [
    "Cranes"
  ],
  "page_numbers": [
    203
  ],
  "text": "18. Hoisting operations must not be done over persons not directly involved with the hoist.",
  "bboxes": [
    [
      43.33944000000008,
      409.60907070074205,
      451.95840000000015,
      419.0384400000001
    ]
  ],
  "chunk_index": 450
}