{
  "headings": [
    "COMMUNICATION"
  ],
  "page_numbers": [
    231
  ],
  "text": "- o Review of our IIPP.\n- o Workplace safety and health training programs.",
  "bboxes": [
    [
      38.16,
      212.1649786483839,
      144.71933999999996,
      222.09168
    ],
    [
      38.16,
      194.1649786483839,
      273.24816000000004,
      204.09168
    ]
  ],
  "chunk_index": 806
}