{
  "headings": [
    "Request for Taxpayer Identification Number and Certification"
  ],
  "page_numbers": [
    242
  ],
  "text": "- [ ] Other (see instructions)",
  "bboxes": [
    [
      86.4,
      553.848517578125,
      160.69099999999997,
      559.9700175781251
    ]
  ],
  "chunk_index": 976
}