{
  "headings": [
    "Follow Up Requirement:"
  ],
  "page_numbers": [
    218
  ],
  "text": "- o Level 4 and 5 Incidents\n- GS Mountain Legal and outside Counsel will initiate a conference call with applicable party's",
  "bboxes": [
    [
      48.0,
      378.12497864838394,
      171.48636000000002,
      388.05168
    ],
    [
      66.0,
      363.8394852765957,
      479.8977600000001,
      373.05168
    ]
  ],
  "chunk_index": 646
}