{
  "headings": [
    "10681 Peoria Parkway, Commerce City, Colorado, 80022"
  ],
  "page_numbers": [
    87
  ],
  "text": "Company Name: ________________",
  "bboxes": [
    [
      273.65,
      140.44399999999996,
      457.27,
      150.77600000000007
    ]
  ],
  "chunk_index": 1665
}