{
  "headings": [
    "CONTRACTOR:"
  ],
  "page_numbers": [
    26
  ],
  "text": "ProcoreGeneralContractorSignHere",
  "bboxes": [
    [
      104.55075000000001,
      253.65214687499997,
      279.3218054999999,
      259.2481425
    ]
  ],
  "chunk_index": 1054
}