{
  "headings": [
    "GS Mountain Team Leader"
  ],
  "page_numbers": [
    211
  ],
  "text": "7. o Shane Morrow\n5. Notify when OSHA finishes closing conference:",
  "bboxes": [
    [
      61.17779999999996,
      324.1859534573946,
      142.30199999999996,
      335.02535999999986
    ],
    [
      43.170119999999955,
      307.5982707007418,
      273.81383999999997,
      317.02763999999985
    ]
  ],
  "chunk_index": 557
}