{
  "headings": [
    "* NOTE: Draws will open each Month on the 10 th  and are due by the 20 th ."
  ],
  "page_numbers": [
    2
  ],
  "text": "Still have questions on Textura?",
  "bboxes": [
    [
      49.68,
      351.76807663551403,
      188.22704000000002,
      361.06759999999997
    ]
  ],
  "chunk_index": 22
}