{
  "headings": [
    "Subcontractor"
  ],
  "page_numbers": [
    189
  ],
  "text": "- o Subcontractor Inclement Weather Plan\n- o Inclement Weather Plans",
  "bboxes": [
    [
      270.72,
      190.56497864838389,
      466.0876800000001,
      200.49167999999997
    ],
    [
      270.72,
      175.56497864838389,
      404.8834800000001,
      185.49167999999997
    ]
  ],
  "chunk_index": 230
}