{
  "headings": [
    "Material:"
  ],
  "page_numbers": [
    224
  ],
  "text": "Describe tools, methods and/or PPE:",
  "bboxes": [
    [
      43.2,
      238.02400710479571,
      201.14099999999996,
      246.85199999999998
    ]
  ],
  "chunk_index": 733
}