{
  "headings": [
    "Electrical"
  ],
  "page_numbers": [
    196
  ],
  "text": "8. Electrical subcontractors will be expected to make the work areas free from electrical hazards.",
  "bboxes": [
    [
      43.17011999999983,
      333.64163070074164,
      481.0615199999999,
      343.0709999999997
    ]
  ],
  "chunk_index": 334
}