{
  "headings": [
    "Personal Protective Equipment (PPE)"
  ],
  "page_numbers": [
    192
  ],
  "text": "5. Face shields are required when operating a chop saw or 'quickie saw'.",
  "bboxes": [
    [
      43.170120000000054,
      368.5535907007419,
      380.61492000000015,
      377.98295999999993
    ]
  ],
  "chunk_index": 281
}