{
  "headings": [
    "2. STAGING AND LOGISTICS"
  ],
  "page_numbers": [
    75
  ],
  "text": "- 2.14 TEMPORARY POWER: Subcontractor will supply generators for its work until temporary or",
  "bboxes": [
    [
      63.024,
      79.8790329281768,
      535.5321599999993,
      89.78111999999999
    ]
  ],
  "chunk_index": 1487
}