{
  "headings": [
    "Fire Protection and Prevention"
  ],
  "page_numbers": [
    193
  ],
  "text": "10. Fire blankets will be used during Hot Work to protect other flammable/combustible material from sparks.",
  "bboxes": [
    [
      43.172400000000096,
      541.5989907007422,
      531.8299200000001,
      551.0283600000002
    ]
  ],
  "chunk_index": 296
}