{
  "headings": [
    "This manual:"
  ],
  "page_numbers": [
    111
  ],
  "text": "- Provides a basic description of OCIP coverage;",
  "bboxes": [
    [
      72.024,
      174.91503292817674,
      323.63912,
      184.81711999999993
    ]
  ],
  "chunk_index": 1835
}