{
  "headings": [
    "CONTRACTOR:"
  ],
  "page_numbers": [
    26
  ],
  "text": "Signature",
  "bboxes": [
    [
      352.848,
      236.26414687500005,
      403.5226965,
      241.86014249999994
    ]
  ],
  "chunk_index": 1057
}