{
  "headings": [
    "Material:"
  ],
  "page_numbers": [
    224
  ],
  "text": "- [ ]  Restricting Access Describe Below",
  "bboxes": [
    [
      384.72,
      256.40772765957445,
      473.98200000000037,
      277.932
    ]
  ],
  "chunk_index": 731
}