{
  "headings": [
    "SILICA HAZARD ASSESSMENT"
  ],
  "page_numbers": [
    224
  ],
  "text": "(Select all that Apply)",
  "bboxes": [
    [
      96.71508,
      543.5595055304348,
      193.80516,
      553.05168
    ]
  ],
  "chunk_index": 697
}