{
  "headings": [
    "Exhibit"
  ],
  "page_numbers": [
    4
  ],
  "text": "- J GS Construction Mountain, LLC SOV Sample Textura",
  "bboxes": [
    [
      134.451,
      324.36739687500005,
      415.4566425,
      329.9633925
    ]
  ],
  "chunk_index": 40
}