{
  "headings": [
    "Electrical"
  ],
  "page_numbers": [
    196
  ],
  "text": "5. Energized electrical rooms, vaults, or closets must be locked to prohibit the entry of unauthorized personnel.",
  "bboxes": [
    [
      43.18007999999989,
      387.6347907007417,
      547.9030799999999,
      397.06415999999973
    ]
  ],
  "chunk_index": 331
}