{
  "headings": [
    "GS Mountain Team Leader (GTL)"
  ],
  "page_numbers": [
    211
  ],
  "text": "2. Take notes during inspection and write down anything the inspector says or asks",
  "bboxes": [
    [
      43.19999999999999,
      529.5845907007421,
      422.28756000000004,
      539.0139600000001
    ]
  ],
  "chunk_index": 552
}