{
  "headings": [
    "Contractor/Subcontractor Required Coverage"
  ],
  "page_numbers": [
    122
  ],
  "text": "- -Waiver of Subrogation\n- -Primary and Non-Contributory (not mandatory for Auto)",
  "bboxes": [
    [
      108.02,
      312.70503292817676,
      237.95911999999998,
      322.60712
    ],
    [
      108.02,
      299.6250329281768,
      397.57912,
      309.52712
    ]
  ],
  "chunk_index": 1922
}