{
  "headings": [
    "Thunderstorms and Lightning"
  ],
  "page_numbers": [
    206
  ],
  "text": "- o Stop work at count of 30 or 6 miles away and don't resume activities for 30 minutes.",
  "bboxes": [
    [
      49.8,
      258.844978648384,
      447.0070800000001,
      268.77168000000006
    ]
  ],
  "chunk_index": 513
}