{
  "headings": [
    "B. EXCLUSIONS"
  ],
  "page_numbers": [
    32
  ],
  "text": "The Work of this Subcontract specifically excludes the following:",
  "bboxes": [
    [
      72.024,
      682.657475359116,
      358.27888,
      691.5908800000001
    ]
  ],
  "chunk_index": 1148
}