{
  "headings": [
    "CALIFORNIA Dial-A-Forecast"
  ],
  "page_numbers": [
    236
  ],
  "text": "- o Sacramento 916-979-3038",
  "bboxes": [
    [
      38.16,
      159.36497864838395,
      176.88516,
      169.29168000000004
    ]
  ],
  "chunk_index": 890
}