{
  "headings": [
    "Third-Party GC Projects - GS Mountain Insured"
  ],
  "page_numbers": [
    191
  ],
  "text": "- o *Once a quarter\n- o Frequency may need to increase if site controls need improvement",
  "bboxes": [
    [
      48.0,
      351.12497864838394,
      143.40912,
      361.05168
    ],
    [
      48.0,
      333.12497864838394,
      369.49116000000004,
      343.05168
    ]
  ],
  "chunk_index": 268
}