{
  "headings": [
    "F.3 CHECK RUN POLICY ENFORCEMENT:"
  ],
  "page_numbers": [
    69
  ],
  "text": "- If you do not provide the required paperwork you WILL NOT be paid at the time of draw funding.",
  "bboxes": [
    [
      90.024,
      426.69399999999996,
      541.0279999999998,
      450.82599999999996
    ]
  ],
  "chunk_index": 1400
}