{
  "headings": [
    "Cranes"
  ],
  "page_numbers": [
    204
  ],
  "text": "27. Electrical Feeder Damage to Active Tower Crane",
  "bboxes": [
    [
      43.2,
      136.34231070074202,
      284.66028000000006,
      145.77168000000006
    ]
  ],
  "chunk_index": 484
}