{
  "headings": [
    "Clash Resolution:"
  ],
  "page_numbers": [
    80
  ],
  "text": "2. Tele/Data conduit",
  "bboxes": [
    [
      110.06,
      435.94,
      188.43704,
      443.97999999999996
    ]
  ],
  "chunk_index": 1580
}