{
  "headings": [
    "E. UNIT PRICING."
  ],
  "page_numbers": [
    33
  ],
  "text": "The following unit prices shall be in effect for the duration of the Project:",
  "bboxes": [
    [
      85.584,
      429.407475359116,
      405.19888000000003,
      438.34087999999997
    ]
  ],
  "chunk_index": 1160
}