{
  "headings": [
    "Scaffolding"
  ],
  "page_numbers": [
    197
  ],
  "text": "8. Personal fall protection is optional in scissor lifts, unless the manufacturer requires its use, or it is contractually required by a customer.",
  "bboxes": [
    [
      43.190039999999925,
      363.85832527659574,
      550.5803280000006,
      388.07027999999997
    ]
  ],
  "chunk_index": 345
}