{
  "headings": [
    "This manual:"
  ],
  "page_numbers": [
    111
  ],
  "text": "- Is updated as deemed necessary by OWNER.",
  "bboxes": [
    [
      72.024,
      116.71503292817681,
      318.11912,
      126.61712
    ]
  ],
  "chunk_index": 1837
}