{
  "headings": [
    "Post Sign-off"
  ],
  "page_numbers": [
    80
  ],
  "text": "1. Installation Drawings",
  "bboxes": [
    [
      110.06,
      220.27999999999997,
      198.18704,
      228.31999999999994
    ]
  ],
  "chunk_index": 1592
}