{
  "headings": [
    "Excavations"
  ],
  "page_numbers": [
    199
  ],
  "text": "11. A dig permit is required for all excavation, trenching, and earth drilling operations.",
  "bboxes": [
    [
      43.18008000000003,
      130.60655070074188,
      431.03244000000007,
      140.03591999999992
    ]
  ],
  "chunk_index": 389
}