{
  "headings": [
    "CONTRACTOR:"
  ],
  "page_numbers": [
    26
  ],
  "text": "Printed Name",
  "bboxes": [
    [
      352.848,
      186.10039687500011,
      423.6957795000001,
      191.6963925
    ]
  ],
  "chunk_index": 1061
}