{
  "headings": [
    "Fall Protection"
  ],
  "page_numbers": [
    198
  ],
  "text": "6. Employees that are required to work with fall protection must be trained in the hazards, proper use, and inspection of their equipment.",
  "bboxes": [
    [
      43.17012000000011,
      444.8612052765959,
      527.0518200000006,
      469.07316000000014
    ]
  ],
  "chunk_index": 361
}