{
  "headings": [
    "F. ALTERNATES."
  ],
  "page_numbers": [
    34
  ],
  "text": "PHASE #",
  "bboxes": [
    [
      21.97407807128309,
      700.644618950821,
      47.359255683587776,
      706.2235629381473
    ]
  ],
  "chunk_index": 1169
}