{
  "headings": [
    "Cranes"
  ],
  "page_numbers": [
    202
  ],
  "text": "25. o Overhead power lines\n26. o Communication plans",
  "bboxes": [
    [
      270.72,
      342.12497864838394,
      389.8936800000001,
      352.05168
    ],
    [
      270.72,
      327.12497864838394,
      388.5690000000001,
      337.05168
    ]
  ],
  "chunk_index": 436
}