{
  "headings": [
    "Project Leadership [Name, Contact Info]"
  ],
  "page_numbers": [
    225
  ],
  "text": "Daniel McLaughlin -  (832) 420-0576 - daniel.mclaughlin@greystar.com",
  "bboxes": [
    [
      160.49999999999997,
      511.63800000000003,
      540.0240000000001,
      525.0300000000001
    ]
  ],
  "chunk_index": 749
}