{
  "headings": [
    "HAZARD ASSESSMENT"
  ],
  "page_numbers": [
    232
  ],
  "text": "- o When occupational injuries and illnesses occur.",
  "bboxes": [
    [
      38.16,
      410.4049786483839,
      268.32792000000006,
      420.33167999999995
    ]
  ],
  "chunk_index": 816
}