{
  "headings": [
    "b. Minimum Coverages Required."
  ],
  "page_numbers": [
    102
  ],
  "text": "1. Bodily  Injury:  $10,000,000  each  occurrence;  $2,000,000  each person\n2. Property Damage: $10,000,000 each occurrence.",
  "bboxes": [
    [
      198.05,
      363.57399999999996,
      542.8939999999997,
      387.70599999999996
    ],
    [
      198.05,
      343.75399999999996,
      453.31,
      354.08599999999996
    ]
  ],
  "chunk_index": 1788
}