{
  "headings": [
    "This manual:"
  ],
  "page_numbers": [
    111
  ],
  "text": "- Describes the general structure of the OCIP;",
  "bboxes": [
    [
      72.024,
      213.70503292817682,
      309.59911999999997,
      223.60712
    ]
  ],
  "chunk_index": 1833
}