{
  "headings": [
    "2. STAGING AND LOGISTICS"
  ],
  "page_numbers": [
    76
  ],
  "text": "permanent power becomes available.",
  "bboxes": [
    [
      90.024,
      708.7550329281768,
      275.99912,
      718.65712
    ]
  ],
  "chunk_index": 1490
}