{
  "headings": [
    "Resources:"
  ],
  "page_numbers": [
    241
  ],
  "text": "- o Cal/OSHA Hat Illness Prevention Website\n- o Cal/OSHA Consultation Program\n- o Toll-free Number: 1-800-963-9424",
  "bboxes": [
    [
      56.4,
      498.9649786483839,
      261.8472000000001,
      508.89167999999995
    ],
    [
      56.4,
      480.9649786483839,
      223.57092,
      490.89167999999995
    ],
    [
      74.4,
      462.0522734573947,
      248.65020000000004,
      472.89167999999995
    ]
  ],
  "chunk_index": 958
}