{
  "headings": [
    "Material:"
  ],
  "page_numbers": [
    224
  ],
  "text": "Control Measures:",
  "bboxes": [
    [
      43.2,
      301.9620345293073,
      131.82408,
      311.73168
    ]
  ],
  "chunk_index": 725
}