{
  "headings": [
    "Project Kick Off Meetings"
  ],
  "page_numbers": [
    188
  ],
  "text": "- o Schedule",
  "bboxes": [
    [
      75.84,
      173.0449786483839,
      137.77356,
      182.97168
    ]
  ],
  "chunk_index": 200
}