{
  "headings": [
    "Inspection Requirements"
  ],
  "page_numbers": [
    215
  ],
  "text": "- o Prior to being placed into service after assembly",
  "bboxes": [
    [
      48.0,
      653.1649786483839,
      286.3351200000001,
      663.09168
    ]
  ],
  "chunk_index": 606
}