{
  "headings": [
    "Site Logistics Planning"
  ],
  "page_numbers": [
    190
  ],
  "text": "13. o Crane/Hoist\n14. o Fences and gates",
  "bboxes": [
    [
      314.04,
      578.2145534573948,
      381.1206000000001,
      589.0539600000001
    ],
    [
      314.03004000000004,
      560.2168334573948,
      405.8313600000001,
      571.0562400000001
    ]
  ],
  "chunk_index": 245
}