{
  "headings": [
    "Notice of Subcontract"
  ],
  "page_numbers": [
    131
  ],
  "text": "V 8.1.25",
  "bboxes": [
    [
      72.024,
      35.50581745856357,
      104.01512,
      42.71712000000002
    ]
  ],
  "chunk_index": 1994
}