{
  "headings": [
    "PAYMENTS"
  ],
  "page_numbers": [
    9
  ],
  "text": "- (k) Failure of Subcontractor to maintain required insurance coverages; or",
  "bboxes": [
    [
      118.80000000000001,
      304.42789687500004,
      481.8936405000002,
      310.0238925
    ]
  ],
  "chunk_index": 84
}