{
  "headings": [
    "Welding and Cutting"
  ],
  "page_numbers": [
    195
  ],
  "text": "1. A fire watch will be required in most cases. (See Hot Work Permit)",
  "bboxes": [
    [
      43.239840000000044,
      428.54327070074197,
      358.96188000000006,
      437.97264
    ]
  ],
  "chunk_index": 322
}