{
  "chunk_index": 29,
  "headings": [
    "* NOTE: Draws will open each Month on the 10 th  and are due by the 20 th ."
  ],
  "text": "The Project:\nThe Owner\nThe Architect:\nAgreement Between Contractor and Subcontractor\nContract # SC-c20-849-015\nTotal $360,949.00\nThis Subcontract  Agreement between  Contractor  and  Subcontractor  (' Subcontract ' or ' Agreement ') is entered into as of December 5 , 2025 (the ' Effective Date ').\nbetween Contractor:\n465 Meeting St, Suite 500\nCharleston, South Carolina 29403\nAttn:\nDaniel McLaughlin\nPhone #: (832) 420-0576\nEmail: daniel.mclaughlin@greystar.com\nLicense No. 000252012\nand Subcontractor:\n7902 Hillmont Street\nHouston, Texas 77040\nAttn:\nFrancis Dao\nPhone #:(713) 934-7887 ext. 4126\nEmail:francis.dao@goldenstones.com\nGSC Birchway Commerce City 10681 Peoria Parkway\nCommerce City, Colorado 80022\n465 Meeting Street, Suite 500\nCharleston, South Carolina29403\nAttn:\nAdam Lea\nPhone #:(843) 576-0645\n16000 Memorial, Suite 100\nHouston, Texas 77079\nPhone #: (281) 558-8787\nFax #: (281) 558-3337",
  "page_numbers": [
    3
  ],
  "bboxes": [
    [
      73.9995,
      321.143146875,
      136.91925150000003,
      326.7391425
    ],
    [
      73.99950000000007,
      265.2223968750001,
      130.20794550000008,
      270.8183925000001
    ],
    [
      73.99950000000013,
      156.13789687500002,
      147.32316750000015,
      161.73389250000014
    ],
    [
      173.06244999999998,
      673.8125968749999,
      438.7113745,
      679.4085924999999
    ],
    [
      171.89919999999998,
      650.1628468749999,
      313.7298115,
      655.7588424999999
    ],
    [
      344.30095,
      650.1628468749999,
      440.0905615,
      655.7588424999999
    ],
    [
      72.0,
      609.3959737499999,
      543.2818254530002,
      632.109285
    ],
    [
      73.9995,
      588.475446875,
      178.49227950000005,
      594.0714425
    ],
    [
      411.41400000000004,
      572.087946875,
      537.8752514999999,
      577.6839425
    ],
    [
      372.27975000000004,
      555.699696875,
      537.98961,
      561.2956925
    ],
    [
      412.1175,
      539.3121968749999,
      437.75733449999996,
      544.9081924999999
    ],
    [
      440.82599999999996,
      539.3121968749999,
      537.9289754999999,
      544.9081924999999
    ],
    [
      415.6837499999999,
      522.923946875,
      537.9211934999998,
      528.5199425
    ],
    [
      345.25274999999993,
      506.536446875,
      537.9337914989999,
      512.1324425
    ],
    [
      418.14374999999995,
      490.148196875,
      537.9822479999999,
      495.7441925
    ],
    [
      73.99949999999995,
      463.003446875,
      174.1764195,
      468.5994425
    ],
    [
      438.339,
      431.51654375,
      537.9129470000004,
      437.112285
    ],
    [
      428.735,
      415.12854375,
      537.9688310000001,
      420.724285
    ],
    [
      446.325,
      398.74054375000003,
      471.963669,
      404.33628500000003
    ],
    [
      475.05299999999994,
      398.74054375000003,
      538.0451119999999,
      404.33628500000003
    ],
    [
      370.4259999999999,
      382.35254375000005,
      540.9214990000004,
      387.94828500000006
    ],
    [
      356.18599999999986,
      365.9645437500001,
      543.9389300000003,
      371.5602850000001
    ],
    [
      384.58500000000004,
      308.75539687500003,
      537.9339719999999,
      326.7391425
    ],
    [
      378.63375,
      292.36714687500006,
      537.9174985005,
      297.96314250000006
    ],
    [
      392.4592500000001,
      248.83489687500014,
      537.8616404999999,
      254.43089250000003
    ],
    [
      375.3360000000001,
      232.44664687500006,
      537.8976105,
      238.04264250000006
    ],
    [
      456.7192500000001,
      216.05914687500012,
      482.35908450000005,
      221.6551425
    ],
    [
      485.4270000000001,
      216.05914687500012,
      537.9861390000001,
      221.6551425
    ],
    [
      415.6837500000001,
      199.67089687500004,
      537.9903615000001,
      205.26689250000004
    ],
    [
      406.53150000000016,
      139.7503968750001,
      537.909528,
      145.3463925000001
    ],
    [
      428.7352500000002,
      123.36214687500012,
      537.9383189985002,
      128.95814250000012
    ],
    [
      415.6837500000002,
      106.97464687500008,
      537.9211935000002,
      112.57064250000008
    ],
    [
      429.1545000000002,
      90.5863968750001,
      537.9285555000001,
      96.1823925000001
    ]
  ],
  "filterCombined": true
}