{
  "headings": [
    "Drug Policy Statement"
  ],
  "page_numbers": [
    186
  ],
  "text": "1. Reasonable suspicion testing\n2. Post accident / incident testing",
  "bboxes": [
    [
      43.190039999999925,
      294.623990700742,
      195.70253999999971,
      304.05336000000005
    ],
    [
      43.19003999999992,
      276.626270700742,
      199.2582599999997,
      286.05564000000004
    ]
  ],
  "chunk_index": 167
}