{
  "headings": [
    "Work On Walls Or Ceilings"
  ],
  "page_numbers": [
    228
  ],
  "text": "- [ ]  Combustibles moved away from other side of wall.",
  "bboxes": [
    [
      24.96,
      480.44772765957447,
      245.14499999999998,
      489.73199999999997
    ]
  ],
  "chunk_index": 774
}