{
  "headings": [
    "Request for Taxpayer Identification Number and Certification"
  ],
  "page_numbers": [
    242
  ],
  "text": "- [ ] Individual/sole proprietor",
  "bboxes": [
    [
      86.6,
      603.847517578125,
      164.37699999999998,
      609.9690175781251
    ]
  ],
  "chunk_index": 969
}