{
  "headings": [
    "UNCONDITIONAL WAIVER AND RELEASE OF LIEN UPON FINAL PAYMENT"
  ],
  "page_numbers": [
    94
  ],
  "text": "Company Name:",
  "bboxes": [
    [
      324.17,
      97.24800000000005,
      411.79,
      107.58000000000004
    ]
  ],
  "chunk_index": 1724
}