{
  "headings": [
    "HAZARD CORRECTION"
  ],
  "page_numbers": [
    233
  ],
  "text": "3. All such actions taken and dates they are completed shall be documented on the appropriate forms.",
  "bboxes": [
    [
      24.95999999999998,
      637.587350700742,
      492.9704400000001,
      647.0167200000001
    ]
  ],
  "chunk_index": 830
}