{
  "headings": [
    "1. SAFETY"
  ],
  "page_numbers": [
    73
  ],
  "text": "abrasions.",
  "bboxes": [
    [
      90.024,
      708.7550329281768,
      143.84912,
      718.65712
    ]
  ],
  "chunk_index": 1446
}