{
  "headings": [
    "Cranes"
  ],
  "page_numbers": [
    203
  ],
  "text": "23. Cranes must not be erected on site unless communications have been made with the FAA to assure that the crane will not interfere with air traffic.",
  "bboxes": [
    [
      43.37928000000001,
      244.83884527659586,
      545.5296119999997,
      269.0508000000001
    ]
  ],
  "chunk_index": 455
}