{
  "headings": [
    "Self-Perform Projects"
  ],
  "page_numbers": [
    191
  ],
  "text": "- o Structure - Once a week\n- o Interior/Site Grading/Landscaping - *Once a week",
  "bboxes": [
    [
      79.2,
      452.2122734573947,
      211.79747999999998,
      463.05168
    ],
    [
      79.2,
      434.2122734573947,
      326.1582000000001,
      445.05168
    ]
  ],
  "chunk_index": 265
}