{
  "headings": [
    "ACCIDENT/EXPOSURE INVESTIGATIONS"
  ],
  "page_numbers": [
    232
  ],
  "text": "- o Visiting the accident scene as soon as possible.",
  "bboxes": [
    [
      38.16,
      234.72497864838397,
      269.28408,
      244.65167999999994
    ]
  ],
  "chunk_index": 821
}