{
  "headings": [
    "Coverage Limits"
  ],
  "page_numbers": [
    120
  ],
  "text": "$5,000,000 po $27,000,000 xs $73,000,000",
  "bboxes": [
    [
      326.93,
      684.217475359116,
      525.9488799999999,
      693.15088
    ]
  ],
  "chunk_index": 1889
}