{
  "headings": [
    "Material:"
  ],
  "page_numbers": [
    224
  ],
  "text": "- [ ]  Other:",
  "bboxes": [
    [
      432.0,
      326.2477276595745,
      474.93899999999996,
      335.532
    ]
  ],
  "chunk_index": 724
}