{
  "headings": [
    "This manual:"
  ],
  "page_numbers": [
    111
  ],
  "text": "- Describes audit and administrative procedures;\n- Provides an Explanation of Terms (see Section 3); and",
  "bboxes": [
    [
      72.024,
      155.4750329281768,
      322.43912,
      165.37712
    ],
    [
      72.024,
      136.15503292817675,
      359.77912,
      146.05711999999994
    ]
  ],
  "chunk_index": 1836
}