{
  "chunk_index": 1190,
  "headings": [
    "CONTENTS"
  ],
  "text": "- A. GS CONSTRUCTION MOUNTAIN, LLC PROJECT DIRECTORY Page 1\n- B. COORDINATION, DOCUMENT CONTROL, MEETINGS Page 3\n- B.1 PROCORE\n- B.2 RFI's\n- B.3 SUBMITTALS / SHOP DRAWINGS\n- B.4 SUBSTITUTIONS\n- B.5 COORDINATION\n- B.6 WEEKLY MEETINGS\n- B.7 DAILY REPORTS\n- C. CONSULTANT REPORTS, PUNCH PROCESS, QA/QC Page 7\n- C.1 CONSULTANT REPORTS\n- C.2 PUNCH PROCESS\n- C.3 QA/QC PROCESS\n- D. CLOSE-OUT PROCESS, WARRANTIES\nPage 10\n- D.1 CLOSE-OUT PROCESS\n- D.2 RECORD DOCUMENTS\n- D.3 WARRANTIES\n- D.4 TESTING & TRAINING PROCEDURES\n- E. SAFETY\nPage 8\n- E.1 SAFETY REQUIREMENTS\n- E.2 SAFETY CORRECTIONS\n- E.3 SAFETY GUIDELINES\n- E.4 POLICY ON DRUGS, ALCOHOL & OTHER PROHIBITED ITEMS\n- E.5 HAZARD COMMUNICATION PROGRAM\n- F. MONTHLY DRAW PROCEDURES\nPage 21\n- F. 1 REQUIRED INVOICE PAPERWORK\n- F. 2 SUBCONTRACTORS PAYMENT ESTIMATE\n- F. 3 CHECK RUN POLICY ENFORCEMENT\n- F. 4 JOINT CHECKS",
  "page_numbers": [
    47
  ],
  "bboxes": [
    [
      90.024,
      619.06,
      539.212,
      632.02
    ],
    [
      90.024,
      587.02,
      539.212,
      599.98
    ],
    [
      126.02,
      572.38,
      201.362,
      584.38
    ],
    [
      126.02,
      558.1,
      173.912,
      570.1
    ],
    [
      126.02,
      543.46,
      311.522,
      555.46
    ],
    [
      126.02,
      528.67,
      231.72199999999998,
      540.67
    ],
    [
      126.02,
      514.03,
      232.44199999999998,
      526.03
    ],
    [
      126.02,
      499.39,
      247.802,
      511.39
    ],
    [
      126.02,
      484.75,
      229.322,
      496.75
    ],
    [
      90.024,
      454.39,
      539.212,
      467.35
    ],
    [
      126.02,
      439.51,
      267.842,
      451.51
    ],
    [
      126.02,
      424.87,
      235.922,
      436.87
    ],
    [
      126.02,
      410.23,
      234.482,
      422.23
    ],
    [
      90.024,
      378.31,
      302.97896000000003,
      391.27000000000004
    ],
    [
      504.1,
      378.55,
      545.332,
      390.55
    ],
    [
      126.02,
      363.65,
      256.562,
      375.65
    ],
    [
      126.02,
      349.25,
      261.962,
      361.25
    ],
    [
      126.02,
      334.61,
      219.60199999999998,
      346.61
    ],
    [
      126.02,
      319.85,
      325.822,
      331.85
    ],
    [
      90.024,
      287.93,
      150.42896,
      300.89000000000004
    ],
    [
      504.1,
      288.17,
      539.212,
      300.17
    ],
    [
      126.02,
      273.28999999999996,
      270.962,
      285.29
    ],
    [
      126.02,
      258.89,
      261.962,
      270.89
    ],
    [
      126.02,
      244.25,
      250.922,
      256.25
    ],
    [
      126.02,
      229.61,
      439.822,
      241.61
    ],
    [
      126.02,
      214.97000000000003,
      343.702,
      226.97000000000003
    ],
    [
      90.024,
      182.77999999999997,
      280.05896,
      195.74
    ],
    [
      500.26,
      183.01999999999998,
      541.492,
      195.01999999999998
    ],
    [
      126.02,
      168.14,
      314.402,
      180.14
    ],
    [
      126.02,
      153.86,
      350.542,
      165.86
    ],
    [
      126.02,
      139.22000000000003,
      326.542,
      151.22000000000003
    ],
    [
      126.02,
      124.58000000000004,
      222.962,
      136.57999999999993
    ]
  ],
  "filterCombined": true
}