{
  "headings": [
    "Project Kick Off Meetings"
  ],
  "page_numbers": [
    188
  ],
  "text": "- o SWPPP",
  "bboxes": [
    [
      75.84,
      137.0449786483839,
      128.88924,
      146.97168
    ]
  ],
  "chunk_index": 202
}