{
  "headings": [
    "Cranes"
  ],
  "page_numbers": [
    202
  ],
  "text": "5. All crane operators must possess a certification to operate the type of crane they are using, CCO or equivalent is required.",
  "bboxes": [
    [
      43.18152000000015,
      123.8517252765954,
      565.7289360000002,
      148.06367999999964
    ]
  ],
  "chunk_index": 431
}