{
  "headings": [
    "5. BIM COORDINATION:"
  ],
  "page_numbers": [
    78
  ],
  "text": "- 5.4 Subcontractor is responsible for the following related to BIM coordination:",
  "bboxes": [
    [
      63.024,
      184.27503292817676,
      449.65912,
      194.17711999999995
    ]
  ],
  "chunk_index": 1522
}