{
  "headings": [
    "EPA Compliance"
  ],
  "page_numbers": [
    209
  ],
  "text": "5. Water cannot be pumped from the work site into streets or storm inlets without prior approval from GS Mountain's superintendent.",
  "bboxes": [
    [
      43.200000000000045,
      147.85028527659574,
      522.2690280000005,
      172.06223999999997
    ]
  ],
  "chunk_index": 547
}