{
  "headings": [
    "CONTRACTOR:"
  ],
  "page_numbers": [
    26
  ],
  "text": "Printed Name",
  "bboxes": [
    [
      104.55075000000001,
      186.10039687500011,
      175.39852949999997,
      191.6963925
    ]
  ],
  "chunk_index": 1060
}