{
  "headings": [
    "Cranes"
  ],
  "page_numbers": [
    202
  ],
  "text": "19. o Disassembly processes\n20. o CCO operators",
  "bboxes": [
    [
      270.72,
      432.12497864838394,
      393.48924000000005,
      442.05168
    ],
    [
      270.72,
      417.12497864838394,
      359.6451600000001,
      427.05168
    ]
  ],
  "chunk_index": 433
}