{
  "headings": [
    "PROJECT SAFETY PLAN"
  ],
  "page_numbers": [
    225
  ],
  "text": "PROJECT DESCRIPTION:",
  "bboxes": [
    [
      43.2,
      642.6877276595744,
      148.18200000000002,
      651.012
    ]
  ],
  "chunk_index": 738
}