{
  "headings": [
    "Clash Resolution:"
  ],
  "page_numbers": [
    80
  ],
  "text": "- m. Hangers",
  "bboxes": [
    [
      74.064,
      377.02,
      120.51704000000001,
      385.05999999999995
    ]
  ],
  "chunk_index": 1586
}