{
  "headings": [
    "911 Caller"
  ],
  "page_numbers": [
    222
  ],
  "text": "- o If there is a hazardous atmosphere.",
  "bboxes": [
    [
      48.0,
      416.88497864838394,
      225.00144000000003,
      426.81167999999997
    ]
  ],
  "chunk_index": 670
}