{
  "headings": [
    "Coverage Limits"
  ],
  "page_numbers": [
    120
  ],
  "text": "3. Arch ASL: Arch Managing Agency Limited Syndicate 1955",
  "bboxes": [
    [
      110.9,
      482.782794519337,
      452.77912,
      492.66712
    ]
  ],
  "chunk_index": 1899
}