{
  "headings": [
    "CONTRACTOR:"
  ],
  "page_numbers": [
    26
  ],
  "text": "GS Construction Mountain, LLC",
  "bboxes": [
    [
      73.9995,
      347.979646875,
      240.61992599999988,
      353.57564249999996
    ]
  ],
  "chunk_index": 1044
}