{
  "headings": [
    "Material:"
  ],
  "page_numbers": [
    224
  ],
  "text": "- [ ]  Sand",
  "bboxes": [
    [
      302.4,
      326.2477276595745,
      339.46200000000005,
      335.532
    ]
  ],
  "chunk_index": 723
}