{
  "headings": [
    "Material Handling and Storage"
  ],
  "page_numbers": [
    194
  ],
  "text": "6. All storage areas must have a fire extinguisher in place.",
  "bboxes": [
    [
      43.19004000000001,
      323.555630700742,
      309.3610800000001,
      332.985
    ]
  ],
  "chunk_index": 310
}