{
  "headings": [
    "CONTRACTOR:"
  ],
  "page_numbers": [
    26
  ],
  "text": "ProcoreGeneralContractorSignedDate",
  "bboxes": [
    [
      104.55075000000001,
      119.54914687500002,
      299.34636149999994,
      125.14514250000002
    ]
  ],
  "chunk_index": 1066
}