{
  "headings": [
    "1. SAFETY"
  ],
  "page_numbers": [
    74
  ],
  "text": "- 1.13.3 Crane operator must have proof of a negative drug test. This test must be dated no earlier than 7 days prior to arrival on site.",
  "bboxes": [
    [
      91.824,
      623.5550329281767,
      534.4121599999993,
      646.0571199999999
    ]
  ],
  "chunk_index": 1462
}