{
  "headings": [
    "Step One: Assess the Situation"
  ],
  "page_numbers": [
    217
  ],
  "text": "-  SR Director\n- Notify Executive Leadership",
  "bboxes": [
    [
      133.2,
      464.87948527659574,
      206.88408,
      474.54984
    ],
    [
      169.2,
      448.19948527659574,
      314.64588000000003,
      457.41168
    ]
  ],
  "chunk_index": 629
}