{
  "headings": [
    "Tools, Hand, and Power"
  ],
  "page_numbers": [
    195
  ],
  "text": "4. All electric tools must be properly grounded or double insulated.",
  "bboxes": [
    [
      43.180079999999975,
      540.630350700742,
      353.98188000000005,
      550.0597200000001
    ]
  ],
  "chunk_index": 319
}