{
  "headings": [
    "CONDITIONAL WAIVER AND RELEASE OF LIEN UPON PROGRESS PAYMENT"
  ],
  "page_numbers": [
    86
  ],
  "text": "Contract Number: c20-849",
  "bboxes": [
    [
      21.6,
      628.4440000000001,
      153.98,
      638.7760000000001
    ]
  ],
  "chunk_index": 1648
}