{
  "headings": [
    "* NOTE: Draws will open each Month on the 10 th  and are due by the 20 th ."
  ],
  "page_numbers": [
    2
  ],
  "text": "mary.parker@greystar.com",
  "bboxes": [
    [
      208.97,
      172.45807663551398,
      334.40647999999993,
      181.75760000000002
    ]
  ],
  "chunk_index": 28
}