{
  "headings": [
    "GSC Birchway Commerce City Project No. c20-849"
  ],
  "page_numbers": [
    91
  ],
  "text": ", 202    .",
  "bboxes": [
    [
      165.5,
      214.61672,
      199.94,
      223.19227999999998
    ]
  ],
  "chunk_index": 1698
}