{
  "headings": [
    "Record keeping"
  ],
  "page_numbers": [
    225
  ],
  "text": "- o Monthly Safety Meetings\n- o Disciplinary Actions\n- o Training",
  "bboxes": [
    [
      48.0,
      127.20497864838399,
      182.65152,
      137.13167999999996
    ],
    [
      48.0,
      109.20497864838399,
      155.76948000000002,
      119.13167999999996
    ],
    [
      48.0,
      91.20497864838399,
      105.01332,
      101.13167999999996
    ]
  ],
  "chunk_index": 759
}