{
  "headings": [
    "Request for Taxpayer Identification Number and Certification"
  ],
  "page_numbers": [
    242
  ],
  "text": "Requester's name and address (optional)",
  "bboxes": [
    [
      392.8,
      506.84551757812505,
      521.2920000000003,
      512.967017578125
    ]
  ],
  "chunk_index": 984
}