{
  "headings": [
    "* NOTE: Draws will open each Month on the 10 th  and are due by the 20 th ."
  ],
  "page_numbers": [
    2
  ],
  "text": "- o 866-839-8872\n- o 866-TEXTURA",
  "bboxes": [
    [
      87.504,
      314.56807663551405,
      168.72296,
      323.8676
    ],
    [
      87.504,
      302.20807663551403,
      168.4112,
      311.50759999999997
    ]
  ],
  "chunk_index": 24
}