{
  "headings": [
    "Cranes"
  ],
  "page_numbers": [
    203
  ],
  "text": "19. Rigging must be inspected by a competent person each day before use. Defective rigging or rigging that is not properly tagged must be removed from service.",
  "bboxes": [
    [
      43.34940000000012,
      376.82876527659585,
      560.6289719999997,
      401.0407200000001
    ]
  ],
  "chunk_index": 451
}