{
  "headings": [
    "Cranes"
  ],
  "page_numbers": [
    204
  ],
  "text": "- o Crane signals that will be used on the project",
  "bboxes": [
    [
      49.08,
      195.84497864838397,
      271.32972,
      205.77168000000006
    ]
  ],
  "chunk_index": 481
}