{
  "headings": [
    "SAFETY MANUAL As of. February 2025"
  ],
  "page_numbers": [
    238
  ],
  "text": "1. Click or tap here to enter text.",
  "bboxes": [
    [
      43.200000000000045,
      543.382790700742,
      198.36684000000002,
      552.8121600000001
    ]
  ],
  "chunk_index": 912
}