{
  "headings": [
    "Material:"
  ],
  "page_numbers": [
    224
  ],
  "text": "- [ ]  Masonry",
  "bboxes": [
    [
      172.8,
      369.44772765957447,
      223.902,
      378.73199999999997
    ]
  ],
  "chunk_index": 714
}