{
  "headings": [
    "CONTRACTOR:"
  ],
  "page_numbers": [
    26
  ],
  "text": "SUBCONTRACTOR: GOLDEN STONES LP",
  "bboxes": [
    [
      307.9995,
      347.979646875,
      420.11740350000014,
      369.9631425
    ]
  ],
  "chunk_index": 1047
}