{
  "headings": [
    "Record keeping"
  ],
  "page_numbers": [
    225
  ],
  "text": "Copies of the following are required to be kept in Procore:",
  "bboxes": [
    [
      43.211519999999965,
      224.88224527659577,
      310.2192,
      234.09444000000008
    ]
  ],
  "chunk_index": 756
}