{
  "headings": [
    "Coverage Limits"
  ],
  "page_numbers": [
    120
  ],
  "text": "Policy Number: BOWCN2551476",
  "bboxes": [
    [
      110.9,
      429.38279451933704,
      273.52448,
      439.26712000000003
    ]
  ],
  "chunk_index": 1902
}