{
  "headings": [
    "Material:"
  ],
  "page_numbers": [
    224
  ],
  "text": "- [ ]  Protection Respiratory",
  "bboxes": [
    [
      270.84,
      268.64772765957446,
      376.66200000000003,
      277.932
    ]
  ],
  "chunk_index": 730
}