{
  "headings": [
    "Provisions"
  ],
  "page_numbers": [
    120
  ],
  "text": "The following will apply to the OCIP Policies specified above (Section 4.A. and 4.B):",
  "bboxes": [
    [
      72.024,
      235.90503292817675,
      482.32912,
      245.80711999999994
    ]
  ],
  "chunk_index": 1907
}