{
  "headings": [
    "911 Caller will also:"
  ],
  "page_numbers": [
    222
  ],
  "text": "- o Assign someone to grab the Trauma Kit/AED and immediately take it to the location of the injured.",
  "bboxes": [
    [
      48.0,
      368.88497864838394,
      510.3654000000001,
      378.81167999999997
    ]
  ],
  "chunk_index": 671
}