{
  "headings": [
    "Excluded Party"
  ],
  "page_numbers": [
    116
  ],
  "text": "Owner",
  "bboxes": [
    [
      72.744,
      515.4050329281768,
      110.00912,
      525.3071199999999
    ]
  ],
  "chunk_index": 1864
}