{
  "headings": [
    "10681 Peoria Parkway, Commerce City, Colorado, 80022"
  ],
  "page_numbers": [
    86
  ],
  "text": "DATED: ___________, 202___.",
  "bboxes": [
    [
      21.6,
      225.55399999999997,
      182.66,
      235.88599999999997
    ]
  ],
  "chunk_index": 1653
}