{
  "headings": [
    "2. Umbrella/Excess Liability"
  ],
  "page_numbers": [
    97
  ],
  "text": "The policy limits are shared among all Enrolled parties in the OCIP.",
  "bboxes": [
    [
      180.02,
      477.57399999999996,
      513.3399999999999,
      487.90599999999995
    ]
  ],
  "chunk_index": 1744
}