{
  "headings": [
    "Cranes"
  ],
  "page_numbers": [
    202
  ],
  "text": "29. o Geotechnical report review by crane supplier",
  "bboxes": [
    [
      270.72,
      282.12497864838394,
      491.8840800000001,
      292.05168
    ]
  ],
  "chunk_index": 438
}