{
  "headings": [
    "What is an Accident?"
  ],
  "page_numbers": [
    219
  ],
  "text": "The final event in an unplanned process that results in injury or illness to an employee and possibly property or equipment damage.",
  "bboxes": [
    [
      43.20000000000003,
      581.6470452765956,
      538.8564119999998,
      605.8589999999999
    ]
  ],
  "chunk_index": 648
}