{
  "headings": [
    "E.4.4) Prohibitions"
  ],
  "page_numbers": [
    60
  ],
  "text": "2. Prescription drugs except under the following conditions:",
  "bboxes": [
    [
      90.024,
      85.00800000000004,
      386.83,
      95.34000000000003
    ]
  ],
  "chunk_index": 1309
}