{
  "headings": [
    "10.5 SAFETY PRECAUTIONS AND PROCEDURES"
  ],
  "page_numbers": [
    15
  ],
  "text": "- (a) employees and other persons at the site;",
  "bboxes": [
    [
      118.80000000000001,
      638.900896875,
      342.5849729999998,
      644.4968925000001
    ]
  ],
  "chunk_index": 128
}