{
  "headings": [
    "Clash Resolution:"
  ],
  "page_numbers": [
    80
  ],
  "text": "1. Existing Elements",
  "bboxes": [
    [
      110.06,
      701.05,
      186.63703999999998,
      709.0899999999999
    ]
  ],
  "chunk_index": 1552
}