{
  "headings": [
    "Cranes"
  ],
  "page_numbers": [
    202
  ],
  "text": "4. o No fly zones\n5. o Public areas within swing radius",
  "bboxes": [
    [
      48.6,
      417.12497864838394,
      124.44767999999999,
      427.05168
    ],
    [
      48.6,
      402.12497864838394,
      209.88456,
      412.05168
    ]
  ],
  "chunk_index": 423
}