{
  "headings": [
    "Coverage Limits"
  ],
  "page_numbers": [
    120
  ],
  "text": "(AM Best:  A+ XV)",
  "bboxes": [
    [
      110.9,
      447.14279451933703,
      240.17503999999994,
      457.02712
    ]
  ],
  "chunk_index": 1901
}