{
  "headings": [
    "CALIFORNIA Dial-A-Forecast"
  ],
  "page_numbers": [
    236
  ],
  "text": "- o Eureka 707-443-7062",
  "bboxes": [
    [
      38.16,
      213.36497864838395,
      154.32576,
      223.29168000000004
    ]
  ],
  "chunk_index": 887
}