{
  "headings": [
    "Fall Protection"
  ],
  "page_numbers": [
    198
  ],
  "text": "5. All manufacturer's fall protection equipment guidelines and recommendations must be followed.",
  "bboxes": [
    [
      43.17012000000017,
      477.6415107007421,
      494.9756400000002,
      487.07088000000016
    ]
  ],
  "chunk_index": 360
}