{
  "headings": [
    "Closing Conference"
  ],
  "page_numbers": [
    213
  ],
  "text": "1. Send all notes, photos and the following pertinent information shall be sent to the GS Mountain Safety Director within 24 hours:",
  "bboxes": [
    [
      43.19999999999999,
      624.8402052765957,
      562.3042440000002,
      649.0521600000001
    ]
  ],
  "chunk_index": 576
}