{
  "headings": [
    "Fall Protection"
  ],
  "page_numbers": [
    198
  ],
  "text": "3. Fall protection 'systems' must be designed, installed, and inspected by a qualified person.",
  "bboxes": [
    [
      43.16016000000013,
      513.6369507007422,
      471.09156000000024,
      523.0663200000002
    ]
  ],
  "chunk_index": 358
}