{
  "headings": [
    "OCIP Directory"
  ],
  "page_numbers": [
    115
  ],
  "text": "Section Three",
  "bboxes": [
    [
      72.024,
      612.72824839779,
      165.92312,
      625.3211200000001
    ]
  ],
  "chunk_index": 1845
}