{
  "headings": [
    "PAYMENTS"
  ],
  "page_numbers": [
    9
  ],
  "text": "- (a) Defective Work not remedied, missing materials not furnished, and cleanup not performed;",
  "bboxes": [
    [
      118.80000000000001,
      663.6771468750001,
      539.9865555000001,
      681.6608925
    ]
  ],
  "chunk_index": 74
}