{
  "headings": [
    "Clash Resolution:"
  ],
  "page_numbers": [
    80
  ],
  "text": "4. Gas (Weld)",
  "bboxes": [
    [
      110.06,
      465.34000000000003,
      165.63703999999998,
      473.38
    ]
  ],
  "chunk_index": 1577
}