{
  "chunk_index": 1884,
  "headings": [
    "Coverage Limits"
  ],
  "text": "- Each Occurrence\n- Aggregate\n$10,000,000 xs $28,000,000\n$10,000,000 xs $28,000,000\nInsurer: Arch Specialty Insurance Company (AM Best: A+ XV)\nPolicy Number: UXP1058384-00\n- Each Occurrence\n- Aggregate\n$10,000,000 xs $38,000,000\n$10,000,000 xs $38,000,000\nInsurer: Ascot Insurance Company (AM Best: A XIV)\nPolicy Number: EXNA2510001047-01\n- Each Occurrence\n- Aggregate\n$15,000,000 po $25,000,000 xs $48,000,000\n$15,000,000 po $25,000,000 xs $48,000,000\nInsurer: The Ohio Casualty Insurance Company (AM Best: A XV)\nPolicy Number: ECO(30)68725090\n- Each Occurrence\n- Aggregate\n$10,000,000 po $25,000,000 xs $48,000,000\n$10,000,000 po $25,000,000 xs $48,000,000\nInsurer: Westchester Surplus Lines Insurance Company (AM Best: A++ XV)\nPolicy Number: G48613226 001\n- Each Occurrence\n- Aggregate\n$15,000,000 po $27,000,000 xs $73,000,000\n$15,000,000 po $27,000,000 xs $73,000,000\nInsurer:  Allied World Syndicate Services (Bermuda), Ltd for and on behalf of\nSyndicate 2232 (AM Best: A+ XV)\nPolicy Number: BOWCN2551476",
  "page_numbers": [
    119
  ],
  "bboxes": [
    [
      128.9,
      684.217475359116,
      229.73888,
      693.15088
    ],
    [
      128.9,
      666.457475359116,
      192.95503999999994,
      675.39088
    ],
    [
      398.95,
      684.217475359116,
      528.46888,
      693.15088
    ],
    [
      398.95,
      666.457475359116,
      525.68128,
      675.39088
    ],
    [
      110.9,
      640.492794519337,
      418.81912,
      650.37712
    ],
    [
      110.9,
      622.7327945193371,
      272.87912,
      632.61712
    ],
    [
      128.9,
      578.8574753591159,
      229.73888,
      587.79088
    ],
    [
      128.9,
      560.9774753591159,
      192.95503999999994,
      569.91088
    ],
    [
      398.95,
      578.8574753591159,
      528.46888,
      587.79088
    ],
    [
      398.95,
      560.9774753591159,
      525.68128,
      569.91088
    ],
    [
      110.9,
      534.9827945193371,
      369.61912,
      544.86712
    ],
    [
      110.9,
      517.2227945193371,
      298.67912,
      527.10712
    ],
    [
      128.9,
      473.347475359116,
      229.73888,
      482.28087999999997
    ],
    [
      128.9,
      455.587475359116,
      192.95503999999994,
      464.52088
    ],
    [
      326.93,
      473.347475359116,
      528.8288799999999,
      482.28087999999997
    ],
    [
      326.93,
      455.587475359116,
      525.9217600000001,
      464.52088
    ],
    [
      110.9,
      408.14279451933703,
      427.2052,
      418.02712
    ],
    [
      110.9,
      390.38279451933704,
      280.97648,
      400.26712000000003
    ],
    [
      128.9,
      346.48747535911605,
      229.73888,
      355.42088
    ],
    [
      128.9,
      328.72747535911606,
      192.95503999999994,
      337.66088
    ],
    [
      326.93,
      346.48747535911605,
      528.8288799999999,
      355.42088
    ],
    [
      326.93,
      328.72747535911606,
      525.7515199999999,
      337.66088
    ],
    [
      110.9,
      294.362794519337,
      482.80912,
      304.24712
    ],
    [
      110.9,
      276.60279451933707,
      267.52016,
      286.48712
    ],
    [
      128.9,
      232.72747535911606,
      229.73888,
      241.66088000000002
    ],
    [
      128.9,
      214.96747535911607,
      192.95503999999994,
      223.90088000000003
    ],
    [
      326.93,
      232.72747535911606,
      528.8288799999999,
      241.66088000000002
    ],
    [
      326.93,
      214.96747535911607,
      525.7515199999999,
      223.90088000000003
    ],
    [
      110.9,
      180.57279451933698,
      486.8743999999994,
      190.45712000000003
    ],
    [
      110.9,
      167.61279451933706,
      276.29215999999997,
      177.49712
    ],
    [
      110.9,
      149.85279451933707,
      273.52448,
      159.73712
    ]
  ],
  "filterCombined": true
}