{
  "headings": [
    "Coverage Limits"
  ],
  "page_numbers": [
    120
  ],
  "text": "$2,000,000 po $27,000,000 xs $73,000,000",
  "bboxes": [
    [
      326.93,
      367.74747535911604,
      520.26796,
      376.68088
    ]
  ],
  "chunk_index": 1906
}