{
  "headings": [
    "Clash Resolution:"
  ],
  "page_numbers": [
    80
  ],
  "text": "- h. Raceways",
  "bboxes": [
    [
      74.064,
      455.62,
      125.67704,
      463.65999999999997
    ]
  ],
  "chunk_index": 1578
}