{
  "headings": [
    "Medical Treatment and Incident Reporting"
  ],
  "page_numbers": [
    187
  ],
  "text": "8. All accidents that cause damage to equipment or property",
  "bboxes": [
    [
      43.20995999999991,
      80.55995070074198,
      325.09788,
      89.98932000000002
    ]
  ],
  "chunk_index": 188
}