{
  "headings": [
    "Excluded Party"
  ],
  "page_numbers": [
    117
  ],
  "text": "Section Four",
  "bboxes": [
    [
      72.024,
      612.72824839779,
      155.24312,
      625.3211200000001
    ]
  ],
  "chunk_index": 1876
}