{
  "headings": [
    "JOINT CHECK AGREEMENT"
  ],
  "page_numbers": [
    70
  ],
  "text": "Title:",
  "bboxes": [
    [
      288.05,
      115.36400000000003,
      317.09,
      125.69600000000003
    ]
  ],
  "chunk_index": 1422
}