{
  "headings": [
    "* NOTE: Draws will open each Month on the 10 th  and are due by the 20 th ."
  ],
  "page_numbers": [
    2
  ],
  "text": "Mary Parker | o 281-846-2484 |",
  "bboxes": [
    [
      49.56,
      172.45807663551398,
      203.00624,
      181.75760000000002
    ]
  ],
  "chunk_index": 27
}