{
  "headings": [
    "10681 Peoria Parkway, Commerce City, Colorado, 80022"
  ],
  "page_numbers": [
    89
  ],
  "text": "Company Name: ________________",
  "bboxes": [
    [
      273.65,
      142.24400000000003,
      457.27,
      152.57600000000002
    ]
  ],
  "chunk_index": 1684
}