{
  "headings": [
    "Excluded Party"
  ],
  "page_numbers": [
    116
  ],
  "text": "All or any one of the carriers providing insurance coverage for the OCIP.",
  "bboxes": [
    [
      192.14,
      542.1950329281767,
      513.8019999999996,
      565.0571199999999
    ]
  ],
  "chunk_index": 1863
}