{
  "headings": [
    "Steel Erection"
  ],
  "page_numbers": [
    200
  ],
  "text": "8. Engineered plans will be required for rigging and hoisting of precast members.",
  "bboxes": [
    [
      43.19999999999996,
      216.64019070074198,
      416.53068,
      226.06956000000002
    ]
  ],
  "chunk_index": 405
}