{
  "headings": [
    "Cranes"
  ],
  "page_numbers": [
    202
  ],
  "text": "2. Crane procurement and operational pre-planning is required on all GS Mountain projects, planning must include but not be limited to:",
  "bboxes": [
    [
      43.20144000000016,
      456.84440527659547,
      565.3046400000006,
      481.0563599999997
    ]
  ],
  "chunk_index": 421
}