{
  "headings": [
    "Step One: Assess the Situation"
  ],
  "page_numbers": [
    217
  ],
  "text": "- o Notify the crisis management team leads:",
  "bboxes": [
    [
      79.2,
      547.8795055304348,
      285.0034800000001,
      557.3716800000001
    ]
  ],
  "chunk_index": 626
}