{
  "headings": [
    "Coverage Limits"
  ],
  "page_numbers": [
    120
  ],
  "text": "- Each Occurrence",
  "bboxes": [
    [
      128.9,
      570.457475359116,
      226.7891599999999,
      579.39088
    ]
  ],
  "chunk_index": 1893
}