{
  "headings": [
    "Cranes"
  ],
  "page_numbers": [
    203
  ],
  "text": "17. Anyone that is performing rigging or flagging with a crane must be trained regardless of trade.",
  "bboxes": [
    [
      43.30956000000006,
      427.60679070074207,
      481.2308400000001,
      437.0361600000001
    ]
  ],
  "chunk_index": 449
}