{
  "headings": [
    "Cranes"
  ],
  "page_numbers": [
    204
  ],
  "text": "- o Operator Access - needs to be clear and unobstructed",
  "bboxes": [
    [
      49.08,
      540.844978648384,
      314.40672,
      550.7716800000001
    ]
  ],
  "chunk_index": 464
}