{
  "headings": [
    "Fire Protection and Prevention"
  ],
  "page_numbers": [
    193
  ],
  "text": "8. A fire extinguisher, rated not less than 2A, shall be provided for each 3,000 square feet of the protected building area, or major fraction thereof.",
  "bboxes": [
    [
      43.182360000000074,
      592.8113652765959,
      566.3064599999997,
      617.0233200000002
    ]
  ],
  "chunk_index": 294
}