{
  "headings": [
    "Included in this Contract Package are the following:"
  ],
  "page_numbers": [
    1
  ],
  "text": "- Exhibit A -Scope of Work\n- Exhibit B -Drawing List",
  "bboxes": [
    [
      50.28,
      535.7480766355139,
      188.23664000000002,
      545.0807199999999
    ],
    [
      50.28,
      514.028076635514,
      176.07439999999997,
      523.36072
    ]
  ],
  "chunk_index": 3
}