{
  "headings": [
    "General Safety/Health"
  ],
  "page_numbers": [
    190
  ],
  "text": "3. GS Mountain reserves the right to 'back charge' cleanup costs to subcontractors that refuse to comply with proper housekeeping.",
  "bboxes": [
    [
      43.19004000000001,
      158.7659652765958,
      544.8722519999993,
      182.97792000000004
    ]
  ],
  "chunk_index": 256
}