{
  "headings": [
    "Thunderstorms and Lightning"
  ],
  "page_numbers": [
    207
  ],
  "text": "6 miles away",
  "bboxes": [
    [
      347.27892,
      706.3194852765957,
      406.69032000000004,
      715.53168
    ]
  ],
  "chunk_index": 517
}