{
  "headings": [
    "Resources:"
  ],
  "page_numbers": [
    241
  ],
  "text": "- o Heat Illness Prevention Enforcement Q&A\n- o Cal/OSHA Heat Illness Prevention eTool",
  "bboxes": [
    [
      56.4,
      534.964978648384,
      263.64996,
      544.8916800000001
    ],
    [
      56.4,
      516.964978648384,
      256.32936,
      526.8916800000001
    ]
  ],
  "chunk_index": 957
}