{
  "headings": [
    "PAYMENTS"
  ],
  "page_numbers": [
    9
  ],
  "text": "- (b) Claims filed or reasonable evidence indicating probable filing of claims, including claims covered by insurance;",
  "bboxes": [
    [
      118.80000000000001,
      626.5131468750001,
      539.9835270000001,
      644.4968925000001
    ]
  ],
  "chunk_index": 75
}