{
  "headings": [
    "TERMINATION AND DEFAULT"
  ],
  "page_numbers": [
    22
  ],
  "text": "13.2 Upon receipt of written notice of termination, Subcontractor shall:",
  "bboxes": [
    [
      72.0,
      192.93664687500006,
      423.2236709999999,
      198.53264250000007
    ]
  ],
  "chunk_index": 1014
}