{
  "headings": [
    "10681 Peoria Parkway, Commerce City, Colorado, 80022"
  ],
  "page_numbers": [
    87
  ],
  "text": "Title: _________________________",
  "bboxes": [
    [
      273.65,
      154.24400000000003,
      455.71,
      164.57600000000002
    ]
  ],
  "chunk_index": 1664
}