{
  "headings": [
    "Part II Certification"
  ],
  "page_numbers": [
    242
  ],
  "text": "Signature of U.S. person",
  "bboxes": [
    [
      76.0,
      194.85151603966347,
      118.651,
      209.367017578125
    ]
  ],
  "chunk_index": 997
}