{
  "headings": [
    "F. ALTERNATES."
  ],
  "page_numbers": [
    33
  ],
  "text": "1, Description = None. 1, Total ($) =",
  "bboxes": [
    [
      85.98894500732422,
      162.5999755859375,
      538.756591796875,
      216.6448974609375
    ]
  ],
  "chunk_index": 1163
}