{
  "headings": [
    "EXHIBIT 1 - PHASING PLAN"
  ],
  "page_numbers": [
    34
  ],
  "text": "_________",
  "bboxes": [
    [
      510.22,
      39.55128000000002,
      565.30228,
      51.712440000000015
    ]
  ],
  "chunk_index": 1176
}