{
  "headings": [
    "HAZARD ASSESSMENT"
  ],
  "page_numbers": [
    232
  ],
  "text": "Competent Observer, 1 = Area. Project team - supervision, 1 = Throughout project, as needed",
  "bboxes": [
    [
      90.38826751708984,
      546.3379516601562,
      514.5262451171875,
      613.8744812011719
    ]
  ],
  "chunk_index": 811
}