{
  "headings": [
    "Site Logistics Planning"
  ],
  "page_numbers": [
    190
  ],
  "text": "15. o Loading Zones\n16. o Delivery routes",
  "bboxes": [
    [
      314.02008000000006,
      542.2191134573949,
      393.59052000000014,
      553.0585200000002
    ],
    [
      314.0200800000001,
      524.2213934573949,
      394.6662000000002,
      535.0608000000002
    ]
  ],
  "chunk_index": 246
}