{
  "headings": [
    "PROJECT ADMIN.: PROJECT MANAGER:"
  ],
  "page_numbers": [
    132
  ],
  "text": "Name: Name: Phone: Phone: Mobile: Mobile: Fax: Fax: Email: Email:",
  "bboxes": [
    [
      100.01,
      455.6881249614468,
      382.44637819999997,
      514.074933434375
    ]
  ],
  "chunk_index": 2000
}