{
  "headings": [
    "Project Kick Off Meetings"
  ],
  "page_numbers": [
    188
  ],
  "text": "- o Laydown areas\n- o Timeline safety",
  "bboxes": [
    [
      75.84,
      83.0449786483839,
      162.73332000000002,
      92.97167999999999
    ],
    [
      297.96,
      263.0449786483839,
      385.80948,
      272.97168
    ]
  ],
  "chunk_index": 204
}