{
  "headings": [
    "COMPLIANCE"
  ],
  "page_numbers": [
    231
  ],
  "text": "5. Disciplining workers for failure to comply with safe and healthful work practices.",
  "bboxes": [
    [
      24.989880000000085,
      354.6333507007418,
      399.75480000000016,
      364.06271999999984
    ]
  ],
  "chunk_index": 803
}