{
  "headings": [
    "Request for Taxpayer Identification Number and Certification"
  ],
  "page_numbers": [
    242
  ],
  "text": "- [ ] Partnership",
  "bboxes": [
    [
      337.598,
      603.847517578125,
      373.50800000000004,
      609.9690175781251
    ]
  ],
  "chunk_index": 972
}