{
  "headings": [
    "Third-Party GC Projects - Not GS Mountain Insured"
  ],
  "page_numbers": [
    191
  ],
  "text": "- o Site Team Inspections\n- o One documented inspection per week",
  "bboxes": [
    [
      48.0,
      195.12497864838394,
      166.56612,
      205.05168000000003
    ],
    [
      48.24,
      177.12497864838394,
      240.72923999999998,
      187.05168000000003
    ]
  ],
  "chunk_index": 272
}