{
  "headings": [
    "Fall Protection"
  ],
  "page_numbers": [
    198
  ],
  "text": "9. Ropes must not be used as a horizontal lifeline unless it has been manufactured for the purpose.",
  "bboxes": [
    [
      43.17012000000011,
      330.65183070074215,
      492.5752800000002,
      340.0812000000002
    ]
  ],
  "chunk_index": 364
}