{
  "headings": [
    "Motor Vehicles and Equipment"
  ],
  "page_numbers": [
    199
  ],
  "text": "9. All vehicle accidents must be reported to GS Mountain Safety Director or Legal Department at the time they occur.",
  "bboxes": [
    [
      43.17012000000011,
      502.81844527659604,
      546.4021080000005,
      527.0304000000003
    ]
  ],
  "chunk_index": 377
}