{
  "headings": [
    "Project Kick Off Meetings"
  ],
  "page_numbers": [
    189
  ],
  "text": "- o Delivery schedule and public protection means",
  "bboxes": [
    [
      75.84,
      697.7994852765958,
      274.30324799999966,
      722.0116800000001
    ]
  ],
  "chunk_index": 210
}