{
  "headings": [
    "General Rules"
  ],
  "page_numbers": [
    209
  ],
  "text": "4. Report all injuries, regardless of how slight, to your supervisor or to the GS Mountain site management when they occur.",
  "bboxes": [
    [
      43.19999999999993,
      592.8070452765958,
      569.7413760000005,
      617.0190000000001
    ]
  ],
  "chunk_index": 533
}