{
  "headings": [
    "Subcontractor"
  ],
  "page_numbers": [
    189
  ],
  "text": "- o Laydown areas\n- o Delivery schedule expectations",
  "bboxes": [
    [
      48.6,
      310.56497864838394,
      135.49332,
      320.49168
    ],
    [
      48.6,
      295.56497864838394,
      207.85272,
      305.49168
    ]
  ],
  "chunk_index": 220
}