{
  "headings": [
    "OCIP Directory"
  ],
  "page_numbers": [
    114
  ],
  "text": "Administrator, Contact / e-mail = Mary Parker Mary.parker@greystar.com. Administrator, Telephone = 281-846-2484",
  "bboxes": [
    [
      71.547119140625,
      665.4640045166016,
      540.435791015625,
      720.2458877563477
    ]
  ],
  "chunk_index": 1844
}