{
  "headings": [
    "Inspection requirements"
  ],
  "page_numbers": [
    212
  ],
  "text": "9. o Must always accompany the Compliance Officer",
  "bboxes": [
    [
      79.18547999999993,
      461.2314734573948,
      317.86692,
      472.0708800000001
    ]
  ],
  "chunk_index": 569
}