{
  "headings": [
    "Coverage Limits"
  ],
  "page_numbers": [
    120
  ],
  "text": "- Aggregate",
  "bboxes": [
    [
      128.9,
      666.457475359116,
      192.95503999999994,
      675.39088
    ]
  ],
  "chunk_index": 1888
}