{
  "headings": [
    "PAYMENTS"
  ],
  "page_numbers": [
    9
  ],
  "text": "- (l) Any other breach by Subcontractor of its obligations under this Agreement.",
  "bboxes": [
    [
      118.80000000000001,
      279.652396875,
      506.9175030000004,
      285.2483925
    ]
  ],
  "chunk_index": 85
}