{
  "headings": [
    "Exhibit"
  ],
  "page_numbers": [
    4
  ],
  "text": "- E GS Construction Mountain, LLC Subcontractor Waivers",
  "bboxes": [
    [
      134.451,
      406.307146875,
      423.6182714999999,
      411.9031425
    ]
  ],
  "chunk_index": 35
}