{
  "headings": [
    "Subcontractor"
  ],
  "page_numbers": [
    189
  ],
  "text": "- o Builder Risk requirements\n- o Crane use requirements",
  "bboxes": [
    [
      270.72,
      280.56497864838394,
      405.13248000000004,
      290.49168
    ],
    [
      270.72,
      265.5649786483839,
      398.17044000000004,
      275.49168
    ]
  ],
  "chunk_index": 227
}