{
  "headings": [
    "b. Minimum Coverages Required."
  ],
  "page_numbers": [
    102
  ],
  "text": "1. Bodily  Injury:  $10,000,000  each  occurrence;  $2,000,000  each person\n2. Property Damage: $10,000,000 each occurrence",
  "bboxes": [
    [
      198.05,
      215.35400000000004,
      542.8939999999997,
      239.486
    ],
    [
      198.05,
      195.55399999999997,
      450.31,
      205.88599999999997
    ]
  ],
  "chunk_index": 1791
}