{
  "headings": [
    "PROJECT: GSC BIRCHWAY COMMERCE CITY"
  ],
  "page_numbers": [
    30
  ],
  "text": "EXHIBIT 'A' SCOPE OF WORK",
  "bboxes": [
    [
      36.96,
      71.83127999999999,
      165.74228,
      83.99243999999999
    ]
  ],
  "chunk_index": 1129
}