{
  "headings": [
    "This manual:"
  ],
  "page_numbers": [
    112
  ],
  "text": "- Provide complete information about coverage; or\n- Provide answers to specific claim questions.",
  "bboxes": [
    [
      72.024,
      688.9550329281768,
      330.35912,
      698.85712
    ],
    [
      72.024,
      669.5150329281768,
      308.27912,
      679.41712
    ]
  ],
  "chunk_index": 1840
}