{
  "headings": [
    "Project Kick Off Meetings"
  ],
  "page_numbers": [
    188
  ],
  "text": "- o Safety inspection types and processes\n- o FAA clearance",
  "bboxes": [
    [
      297.96,
      173.0449786483839,
      488.28792000000004,
      182.97168
    ],
    [
      297.96,
      155.0449786483839,
      383.17008000000004,
      164.97168
    ]
  ],
  "chunk_index": 207
}