{
  "chunk_index": 761,
  "headings": [
    "Record keeping"
  ],
  "text": "DRIVING SAFETY + DELIVERING QUALITY\nSAFETY MANUAL As of February 2025\nUC Health Emergency Room\nER Name\nAddress\nContact\nHours\nDirections\nER Name\nAddress\nContact\nHours\nHead southwest on Peoria Pkwy toward East 106th Way Use the left 2 lanes to turn left onto CO-44 Continue straight onto E 104th Ave Turn right to stay on E 104th Ave Turn Left, then another left arrived\n720-372-2785\n8:00am to 11:00pm\n3212 E 104th Ave, Thornton, CO 80233\nAfter Hours Urgent Care Thornton\n303-286-6920\n15100 E 104th Ave, Commerce City, CO 80022\nDirections\nHead southwest on Peoria Pkwy toward East 106th Way Turn right onto CO-44/E 104th Ave Slight left toward Steele St Turn left at the 1st cross street onto Steele St Turn left onto E 103rd Cir, Turn Left, another Left arrived",
  "page_numbers": [
    226
  ],
  "bboxes": [
    [
      12.63350889068061,
      758.6666667,
      116.3612575817801,
      764.6666667
    ],
    [
      21.31395623140261,
      749.647059137211,
      224.68459434763804,
      758.4705880627889
    ],
    [
      80.34000000000003,
      666.1109999999999,
      196.32300000000006,
      676.1549999999999
    ],
    [
      30.36,
      655.8420345293073,
      73.395168,
      665.61168
    ],
    [
      30.35,
      626.5596345293072,
      68.612376,
      636.32928
    ],
    [
      30.36,
      568.0020345293074,
      66.991884,
      577.7716800000001
    ],
    [
      298.8019,
      568.0020345293074,
      326.37618000000003,
      577.7716800000001
    ],
    [
      30.36,
      517.1220345293074,
      77.73971999999998,
      526.8916800000001
    ],
    [
      30.36,
      412.7220345293073,
      73.395168,
      422.49168
    ],
    [
      30.35,
      383.32011452930726,
      68.612376,
      393.08977999999996
    ],
    [
      30.36,
      324.7620345293073,
      66.991884,
      334.53168
    ],
    [
      298.8019,
      324.7620345293073,
      326.37618000000003,
      334.53168
    ],
    [
      96.002,
      472.8530345293073,
      361.24680000000035,
      530.43168
    ],
    [
      78.42,
      325.39799999999997,
      153.132,
      338.78999999999996
    ],
    [
      337.14000000000004,
      326.35799999999995,
      440.472,
      339.74999999999994
    ],
    [
      80.34000000000003,
      392.99099999999993,
      238.81199999999998,
      403.03499999999997
    ],
    [
      80.34000000000003,
      423.23099999999994,
      215.79900000000004,
      433.275
    ],
    [
      79.38000000000004,
      569.2379999999999,
      154.09200000000004,
      582.63
    ],
    [
      80.34000000000003,
      637.3109999999998,
      269.799,
      647.3549999999998
    ],
    [
      30.36,
      295.48203452930727,
      77.73971999999998,
      305.25167999999996
    ],
    [
      91.386,
      240.09613452930728,
      362.06052000000045,
      297.67368
    ]
  ],
  "filterCombined": true
}