{
  "headings": [
    "Coverage Limits"
  ],
  "page_numbers": [
    120
  ],
  "text": "Policy Number: 62786022",
  "bboxes": [
    [
      110.9,
      614.332794519337,
      237.52303999999998,
      624.2171199999999
    ]
  ],
  "chunk_index": 1892
}