{
  "headings": [
    "Site Logistics Planning"
  ],
  "page_numbers": [
    190
  ],
  "text": "17. o Trailer locations\n18. o Lay down or storage area",
  "bboxes": [
    [
      314.0200800000001,
      506.22367345739485,
      398.1422400000002,
      517.0630800000001
    ],
    [
      314.01012000000014,
      488.22595345739484,
      440.73120000000023,
      499.0653600000001
    ]
  ],
  "chunk_index": 247
}