{
  "headings": [
    "Site Logistics Planning"
  ],
  "page_numbers": [
    190
  ],
  "text": "11. o First aid stations\n12. o Concrete washout areas",
  "bboxes": [
    [
      62.04,
      452.2122734573947,
      150.72792,
      463.05168
    ],
    [
      314.04,
      596.2122734573948,
      434.88468000000006,
      607.05168
    ]
  ],
  "chunk_index": 244
}