{
  "headings": [
    "C.3 QA/QC PROCESS:"
  ],
  "page_numbers": [
    53
  ],
  "text": "- The AHJ has signed off on a specific area.",
  "bboxes": [
    [
      108.02,
      261.19399999999996,
      332.59,
      271.52599999999995
    ]
  ],
  "chunk_index": 1225
}