{
  "headings": [
    "Third-Party GC Projects - Not GS Mountain Insured"
  ],
  "page_numbers": [
    191
  ],
  "text": "- o Third-Party Safety Consultant\n- o *Once a quarter",
  "bboxes": [
    [
      48.0,
      249.12497864838394,
      201.4599840000001,
      259.05168000000003
    ],
    [
      48.0,
      231.12497864838394,
      143.40912,
      241.05168000000003
    ]
  ],
  "chunk_index": 270
}