{
  "headings": [
    "Scaffolding"
  ],
  "page_numbers": [
    197
  ],
  "text": "12. Unobstructed access to the scaffold platform must be provided. Climbing over rails to gain access to the work platform is prohibited.",
  "bboxes": [
    [
      43.19999999999985,
      231.8684052765957,
      553.5055800000007,
      256.0803599999999
    ]
  ],
  "chunk_index": 349
}