{
  "headings": [
    "TRAINING AND INSTRUCTION"
  ],
  "page_numbers": [
    233
  ],
  "text": "- o When the IIPP is first established.",
  "bboxes": [
    [
      38.16,
      543.124978648384,
      206.51615999999999,
      553.05168
    ]
  ],
  "chunk_index": 833
}