{
  "headings": [
    "Coverage Limits"
  ],
  "page_numbers": [
    120
  ],
  "text": "$2,000,000 po $27,000,000 xs $73,000,000",
  "bboxes": [
    [
      326.93,
      385.50747535911603,
      523.3088799999999,
      394.44088
    ]
  ],
  "chunk_index": 1905
}