{
  "headings": [
    "Project Kick Off Meetings"
  ],
  "page_numbers": [
    188
  ],
  "text": "- o Builder Risk considerations\n- o Cranes",
  "bboxes": [
    [
      297.96,
      209.0449786483839,
      438.00984,
      218.97168
    ],
    [
      297.96,
      191.0449786483839,
      349.68456000000003,
      200.97168
    ]
  ],
  "chunk_index": 206
}