{
  "headings": [
    "Excluded Party"
  ],
  "page_numbers": [
    115
  ],
  "text": "Contractors that have:",
  "bboxes": [
    [
      192.14,
      517.9250329281767,
      303.47912,
      527.8271199999999
    ]
  ],
  "chunk_index": 1846
}