{
  "headings": [
    "CONTRACTOR:"
  ],
  "page_numbers": [
    26
  ],
  "text": "ProcoreSubcontractorSignedDate",
  "bboxes": [
    [
      352.848,
      119.54914687500002,
      517.2355275000006,
      125.14514250000002
    ]
  ],
  "chunk_index": 1067
}