{
  "headings": [
    "Project Kick Off Meetings"
  ],
  "page_numbers": [
    188
  ],
  "text": "- o Manpower loading\n- o Fences, and access gates",
  "bboxes": [
    [
      75.84,
      119.0449786483839,
      180.85056,
      128.97168
    ],
    [
      75.84,
      101.0449786483839,
      209.28636000000003,
      110.97167999999999
    ]
  ],
  "chunk_index": 203
}