{
  "headings": [
    "Cranes"
  ],
  "page_numbers": [
    204
  ],
  "text": "- o Concrete must be to specified strength prior to crane be erected",
  "bboxes": [
    [
      49.08,
      495.844978648384,
      359.28648000000004,
      505.77168
    ]
  ],
  "chunk_index": 466
}