{
  "headings": [
    "JOINT CHECK AGREEMENT"
  ],
  "page_numbers": [
    70
  ],
  "text": "Date:",
  "bboxes": [
    [
      72.024,
      101.56399999999996,
      108.14,
      111.89599999999996
    ]
  ],
  "chunk_index": 1420
}