{
  "headings": [
    "Subcontractor Safety Representation"
  ],
  "page_numbers": [
    187
  ],
  "text": "5. Attend supervisory safety meetings as scheduled.\n6. Conduct and submit Weekly 'Toolbox' Meetings with workers that include:",
  "bboxes": [
    [
      43.19004000000003,
      519.6326307007421,
      284.5208400000001,
      529.0620000000001
    ],
    [
      43.19004000000001,
      501.634910700742,
      401.4014400000001,
      511.06428000000005
    ]
  ],
  "chunk_index": 173
}