{
  "headings": [
    "GS Mountain Team Leader"
  ],
  "page_numbers": [
    211
  ],
  "text": "11. o Mike Gausden\n12. o Managing Directors; Stan Chan, Robert Elliott, and James Ford",
  "bboxes": [
    [
      79.1555999999999,
      252.19507345739453,
      170.83739999999992,
      263.0344799999998
    ],
    [
      79.1456399999999,
      234.19735345739446,
      384.42959999999994,
      245.03675999999984
    ]
  ],
  "chunk_index": 559
}