{
  "headings": [
    "10.6 CLEANING UP"
  ],
  "page_numbers": [
    16
  ],
  "text": "- (b) broom clean each work area prior to discontinuing work in each area.",
  "bboxes": [
    [
      118.80000000000001,
      676.064896875,
      480.07872300000025,
      681.6608925
    ]
  ],
  "chunk_index": 138
}