{
  "headings": [
    "CONTRACTOR:"
  ],
  "page_numbers": [
    26
  ],
  "text": "Francis Dao",
  "bboxes": [
    [
      333.65175,
      298.81564687499997,
      399.01077900000007,
      304.41164249999997
    ]
  ],
  "chunk_index": 1051
}