{
  "headings": [
    "Commerce City, CO 80022"
  ],
  "page_numbers": [
    225
  ],
  "text": "336-unit garden-style apartments",
  "bboxes": [
    [
      152.33999999999997,
      640.278,
      328.344,
      653.6700000000001
    ]
  ],
  "chunk_index": 740
}