{
  "headings": [
    "General Rules"
  ],
  "page_numbers": [
    209
  ],
  "text": "3. Unsafe acts or conditions should be reported immediately to your supervisor for correction.",
  "bboxes": [
    [
      43.20995999999991,
      625.587350700742,
      470.77284000000003,
      635.0167200000001
    ]
  ],
  "chunk_index": 532
}