{
  "headings": [
    "Deductible Obligation:"
  ],
  "page_numbers": [
    122
  ],
  "text": "Section Five",
  "bboxes": [
    [
      72.024,
      612.72824839779,
      152.96312,
      625.3211200000001
    ]
  ],
  "chunk_index": 1917
}