{
  "headings": [
    "ACCIDENT/EXPOSURE INVESTIGATIONS"
  ],
  "page_numbers": [
    232
  ],
  "text": "- o Recording the findings and corrective actions taken.",
  "bboxes": [
    [
      38.16,
      144.72497864838397,
      290.52876000000003,
      154.65167999999994
    ]
  ],
  "chunk_index": 826
}