{
  "headings": [
    "SAFETY MANUAL As of. February 2025"
  ],
  "page_numbers": [
    238
  ],
  "text": "3. Click or tap here to enter text.",
  "bboxes": [
    [
      43.19999999999999,
      507.387350700742,
      198.36684,
      516.81672
    ]
  ],
  "chunk_index": 914
}