{
  "headings": [
    "SILICA HAZARD ASSESSMENT"
  ],
  "page_numbers": [
    224
  ],
  "text": "PROJECT NAME: Birchway Commerce City",
  "bboxes": [
    [
      43.2,
      631.8877276595745,
      259.1279999999999,
      645.99
    ]
  ],
  "chunk_index": 691
}