{
  "headings": [
    "PENETRATIONS"
  ],
  "page_numbers": [
    31
  ],
  "text": "- e. Sink mounts to be installed per the manufacturer's requirements.",
  "bboxes": [
    [
      72.024,
      130.5574753591161,
      375.83615999999995,
      139.49088000000006
    ]
  ],
  "chunk_index": 1145
}