{
  "headings": [
    "Ladders and Stairs"
  ],
  "page_numbers": [
    201
  ],
  "text": "5. Steel stair pans are not to be used for access until they are filled with blocking or concrete and a handrail/stair rail system is in place.",
  "bboxes": [
    [
      43.19999999999999,
      547.8095652765958,
      569.2204680000003,
      572.0215200000001
    ]
  ],
  "chunk_index": 411
}