{
  "headings": [
    "10681 Peoria Parkway, Commerce City, Colorado, 80022"
  ],
  "page_numbers": [
    89
  ],
  "text": "Title: _________________________",
  "bboxes": [
    [
      273.65,
      156.04399999999998,
      455.71,
      166.37599999999998
    ]
  ],
  "chunk_index": 1683
}