{
  "headings": [
    "Project Kick Off Meetings"
  ],
  "page_numbers": [
    188
  ],
  "text": "- o Rendering and build description\n- o Pre-existing conditions",
  "bboxes": [
    [
      75.84,
      263.0449786483839,
      240.2300879999996,
      272.97168
    ],
    [
      75.84,
      245.0449786483839,
      198.00168,
      254.97168
    ]
  ],
  "chunk_index": 197
}