{
  "headings": [
    "Excluded Party"
  ],
  "page_numbers": [
    116
  ],
  "text": "GS Development Central, LLC",
  "bboxes": [
    [
      192.14,
      273.3450329281768,
      343.81912,
      283.24712
    ]
  ],
  "chunk_index": 1874
}