{
  "headings": [
    "First Responder (person trained in 1st Aid/CPR) shall:"
  ],
  "page_numbers": [
    222
  ],
  "text": "- o Appoint a person to call 911.",
  "bboxes": [
    [
      48.0,
      597.964978648384,
      201.24684000000002,
      607.8916800000001
    ]
  ],
  "chunk_index": 663
}