{
  "headings": [
    "Fall Protection"
  ],
  "page_numbers": [
    198
  ],
  "text": "1. Possible exceptions to the 100% fall protection above 6 feet are as follows:",
  "bboxes": [
    [
      43.20000000000011,
      651.622790700742,
      398.2839600000002,
      661.0521600000001
    ]
  ],
  "chunk_index": 353
}