{
  "headings": [
    "Cranes"
  ],
  "page_numbers": [
    203
  ],
  "text": "16. Tag lines will be used on all crane loads.",
  "bboxes": [
    [
      43.27968000000007,
      445.6045107007421,
      241.43388000000007,
      455.0338800000001
    ]
  ],
  "chunk_index": 448
}