{
  "headings": [
    "In Case of Fire:"
  ],
  "page_numbers": [
    223
  ],
  "text": "See attached",
  "bboxes": [
    [
      252.18,
      637.3109999999999,
      307.674,
      647.3549999999999
    ]
  ],
  "chunk_index": 682
}