{
  "headings": [
    "Ladders and Stairs"
  ],
  "page_numbers": [
    201
  ],
  "text": "2. Ladders must be inspected each day prior to use. Defective ladders must be tagged out of service and removed from use immediately.",
  "bboxes": [
    [
      43.19999999999999,
      646.8020052765958,
      564.4227359999998,
      671.0139600000001
    ]
  ],
  "chunk_index": 408
}