{
  "headings": [
    "CONDITIONAL WAIVER AND RELEASE OF LIEN UPON FINAL PAYMENT"
  ],
  "page_numbers": [
    93
  ],
  "text": "Company Name:",
  "bboxes": [
    [
      339.19,
      134.06672000000003,
      412.24,
      142.64228000000003
    ]
  ],
  "chunk_index": 1709
}