{
  "headings": [
    "JOINT CHECK AGREEMENT"
  ],
  "page_numbers": [
    70
  ],
  "text": "Phone #:",
  "bboxes": [
    [
      288.05,
      73.96799999999996,
      339.31,
      84.29999999999995
    ]
  ],
  "chunk_index": 1425
}