{
  "headings": [
    "PAYMENTS"
  ],
  "page_numbers": [
    7
  ],
  "text": "- (d) The estimated cost of completing the Work;",
  "bboxes": [
    [
      118.80000000000001,
      341.5918968750001,
      355.1574014999998,
      347.1878925
    ]
  ],
  "chunk_index": 58
}