{
  "headings": [
    "SAFETY MANUAL As of. February 2025"
  ],
  "page_numbers": [
    238
  ],
  "text": "2. Click or tap here to enter text.",
  "bboxes": [
    [
      43.20000000000002,
      525.3850707007421,
      198.36684,
      534.8144400000001
    ]
  ],
  "chunk_index": 913
}