{
  "headings": [
    "1. SAFETY"
  ],
  "page_numbers": [
    74
  ],
  "text": "- 1.14.3 Use sweeping compound to minimize dust during cleanup activities.",
  "bboxes": [
    [
      91.824,
      337.5450329281768,
      460.45912,
      347.44712000000004
    ]
  ],
  "chunk_index": 1469
}