{
  "headings": [
    "Cranes"
  ],
  "page_numbers": [
    203
  ],
  "text": "25. Tower cranes must be erected, load tested, calibrated, and operated as per the manufacturer's requirements.\n26. Tower crane plans must include;",
  "bboxes": [
    [
      43.389240000000015,
      178.62671070074202,
      552.08628,
      188.05608000000007
    ],
    [
      43.39919999999995,
      160.62899070074207,
      207.93839999999994,
      170.0583600000001
    ]
  ],
  "chunk_index": 457
}