{
  "headings": [
    "Project Kick Off Meetings"
  ],
  "page_numbers": [
    188
  ],
  "text": "- o Utility locates\n- o Traffic/Pedestrian protection plans",
  "bboxes": [
    [
      75.84,
      227.0449786483839,
      156.36888000000002,
      236.97168
    ],
    [
      75.84,
      209.0449786483839,
      250.09248000000002,
      218.97168
    ]
  ],
  "chunk_index": 198
}