{
  "headings": [
    "CANCELLATION"
  ],
  "page_numbers": [
    124
  ],
  "text": "Section Six",
  "bboxes": [
    [
      72.024,
      612.72824839779,
      147.92312,
      625.3211200000001
    ]
  ],
  "chunk_index": 1930
}