{
  "headings": [
    "Excavations"
  ],
  "page_numbers": [
    199
  ],
  "text": "1. Each employee in an excavation must be protected from cave-ins at a depth of 5 feet or more.",
  "bboxes": [
    [
      43.2,
      400.5823107007419,
      487.9239600000001,
      410.01167999999996
    ]
  ],
  "chunk_index": 379
}