{
  "headings": [
    "SUBCONTRACTOR/VENDOR REFERENCE FORM"
  ],
  "page_numbers": [
    132
  ],
  "text": "Company Name:",
  "bboxes": [
    [
      132.92,
      630.9381249614469,
      206.651905,
      639.814933434375
    ]
  ],
  "chunk_index": 1997
}