{
  "headings": [
    "Contacts:"
  ],
  "page_numbers": [
    128
  ],
  "text": "- Greystar Claims/Insurance: LaKecia Williams lakecia.williams@greystar.com\n- Marsh OCIP Claims Advocate: Joanne Bay joanne.bay@marsh.com",
  "bboxes": [
    [
      72.024,
      642.2750329281768,
      466.72912,
      652.17712
    ],
    [
      72.024,
      622.8350329281768,
      425.89912,
      632.73712
    ]
  ],
  "chunk_index": 1974
}