{
  "headings": [
    "F. ALTERNATES."
  ],
  "page_numbers": [
    34
  ],
  "text": "\"SUBJECT TO CHANGE AT",
  "bboxes": [
    [
      9.333332750000011,
      718.0840908868939,
      79.33333275,
      723.4113636141667
    ]
  ],
  "chunk_index": 1167
}