{
  "headings": [
    "General Safety/Health"
  ],
  "page_numbers": [
    190
  ],
  "text": "5. Each subcontractor should supply its workers with an updated and properly stocked first aid kit.",
  "bboxes": [
    [
      43.190040000000025,
      77.55407070074193,
      488.99964000000006,
      86.98343999999997
    ]
  ],
  "chunk_index": 258
}