{
  "headings": [
    "GS Mountain Team Leader"
  ],
  "page_numbers": [
    211
  ],
  "text": "9. o Round Table Members\n10. o Tom Murphy",
  "bboxes": [
    [
      61.16783999999993,
      288.19051345739456,
      176.61419999999993,
      299.02991999999983
    ],
    [
      79.16555999999991,
      270.1927934573946,
      160.7678399999999,
      281.0321999999998
    ]
  ],
  "chunk_index": 558
}