{
  "headings": [
    "Contents"
  ],
  "page_numbers": [
    111
  ],
  "text": "Section One",
  "bboxes": [
    [
      72.024,
      612.72824839779,
      152.96312,
      625.3211200000001
    ]
  ],
  "chunk_index": 1827
}