{
  "headings": [
    "Cranes"
  ],
  "page_numbers": [
    204
  ],
  "text": "- o Adequate ground conditions for assembly crews",
  "bboxes": [
    [
      49.08,
      360.844978648384,
      288.25176000000005,
      370.77168
    ]
  ],
  "chunk_index": 474
}