{
  "headings": [
    "Excluded Party"
  ],
  "page_numbers": [
    115
  ],
  "text": "- (i) been awarded work,\n- (ii) submitted all necessary enrollment forms,",
  "bboxes": [
    [
      210.17,
      496.9250329281768,
      351.37912,
      506.82712000000004
    ],
    [
      210.17,
      483.96503292817675,
      455.29912,
      493.86712
    ]
  ],
  "chunk_index": 1847
}