{
  "headings": [
    "C. SCHEDULE."
  ],
  "page_numbers": [
    32
  ],
  "text": "2. Start date for this subcontract work is approximately March 2026",
  "bboxes": [
    [
      108.02,
      565.507475359116,
      413.95888,
      574.4408800000001
    ]
  ],
  "chunk_index": 1152
}