{
  "headings": [
    "Cranes"
  ],
  "page_numbers": [
    204
  ],
  "text": "- o Emergency Action Plan for severe weather preparedness",
  "bboxes": [
    [
      80.28,
      209.93227345739467,
      356.41104,
      220.77168000000006
    ]
  ],
  "chunk_index": 480
}