{
  "headings": [
    "UNCONDITIONAL WAIVER AND RELEASE OF LIEN UPON FINAL PAYMENT"
  ],
  "page_numbers": [
    94
  ],
  "text": "DATED on , 20      .",
  "bboxes": [
    [
      74.904,
      242.71399999999994,
      223.13,
      253.04600000000005
    ]
  ],
  "chunk_index": 1725
}