{
  "headings": [
    "Steel Erection"
  ],
  "page_numbers": [
    200
  ],
  "text": "6. Steel erectors will not be permitted to hoist workers with a crane without the approval of GS Mountain site management.",
  "bboxes": [
    [
      43.200000000000045,
      267.85256527659567,
      537.849456,
      292.06451999999996
    ]
  ],
  "chunk_index": 403
}