{
  "headings": [
    "911 Caller"
  ],
  "page_numbers": [
    222
  ],
  "text": "- o The physical address of the site.",
  "bboxes": [
    [
      48.0,
      470.88497864838394,
      211.5654,
      480.81167999999997
    ]
  ],
  "chunk_index": 668
}