{
  "headings": [
    "Fire Protection and Prevention"
  ],
  "page_numbers": [
    193
  ],
  "text": "11. Fuel storage tanks must be located no closer than 50' to any structure.",
  "bboxes": [
    [
      43.18236000000013,
      523.6012707007422,
      377.7586800000002,
      533.0306400000003
    ]
  ],
  "chunk_index": 297
}