{
  "headings": [
    "EMPLOYEE ACCESS TO THE IIPP"
  ],
  "page_numbers": [
    234
  ],
  "text": "- o The date of the request.\n- o The name of the designated representative.",
  "bboxes": [
    [
      38.16,
      378.48497864838396,
      166.92516,
      388.41168
    ],
    [
      38.16,
      360.48497864838396,
      254.65284,
      370.41168
    ]
  ],
  "chunk_index": 858
}