{
  "headings": [
    "COMPLIANCE"
  ],
  "page_numbers": [
    231
  ],
  "text": "1. Informing workers of the provisions of our IIPP.",
  "bboxes": [
    [
      24.999840000000063,
      426.62423070074186,
      254.20932000000008,
      436.0535999999999
    ]
  ],
  "chunk_index": 799
}