{
  "headings": [
    "Excluded Party"
  ],
  "page_numbers": [
    115
  ],
  "text": "4. Equipment rental companies who perform equipment maintenance.",
  "bboxes": [
    [
      210.17,
      166.15503292817675,
      542.2911199999998,
      189.01711999999998
    ]
  ],
  "chunk_index": 1854
}