{
  "headings": [
    "8.  CHANGES AND EXTRA WORK"
  ],
  "page_numbers": [
    82
  ],
  "text": "EXHIBIT 'D' PROJECT SPECIFIC SUPPLEMENTAL CONDITIONS",
  "bboxes": [
    [
      45.0,
      50.061475359116,
      349.99888000000004,
      58.99487999999997
    ]
  ],
  "chunk_index": 1617
}