{
  "headings": [
    "Scaffolding"
  ],
  "page_numbers": [
    197
  ],
  "text": "13. Supported scaffolding requires toe boards.\n14. All perimeter scaffolds, located adjacent to public areas must be secured to the building regardless of height.",
  "bboxes": [
    [
      43.20995999999984,
      213.653510700742,
      255.98543999999987,
      223.08288000000005
    ],
    [
      43.21991999999986,
      195.65579070074193,
      557.7933599999999,
      205.08515999999997
    ]
  ],
  "chunk_index": 350
}