{
  "headings": [
    "Scaffolding"
  ],
  "page_numbers": [
    197
  ],
  "text": "6. Personal fall protection is required in boom lifts and articulating boom lifts.",
  "bboxes": [
    [
      43.19003999999998,
      429.63611070074194,
      397.19832,
      439.06548
    ]
  ],
  "chunk_index": 343
}