{
  "headings": [
    "Concrete and Masonry"
  ],
  "page_numbers": [
    200
  ],
  "text": "4. Form materials or lumber must be free of nails that could cause puncture hazards. Nails should be bent over or removed.",
  "bboxes": [
    [
      43.190039999999954,
      607.8068052765958,
      557.4557159999996,
      632.0187600000002
    ]
  ],
  "chunk_index": 394
}