{
  "headings": [
    "Closing Conference"
  ],
  "page_numbers": [
    213
  ],
  "text": "8. o Compliance Officer's remarks and comments during the closing conference",
  "bboxes": [
    [
      61.18775999999993,
      375.86012527659585,
      323.9684159999993,
      400.0720800000001
    ]
  ],
  "chunk_index": 582
}