{
  "headings": [
    "Exhibit"
  ],
  "page_numbers": [
    4
  ],
  "text": "- A Scope of the Work\n- B List of Drawings and Specifications",
  "bboxes": [
    [
      134.451,
      471.858646875,
      244.81039949999996,
      477.45464250000003
    ],
    [
      134.451,
      455.470396875,
      325.0627514999999,
      461.0663925
    ]
  ],
  "chunk_index": 32
}