{
  "headings": [
    "Electrical"
  ],
  "page_numbers": [
    196
  ],
  "text": "6. Warning signs should be posted on doors, panel boards, switchgears, etc. to inform workers of electrical hazards.",
  "bboxes": [
    [
      43.17011999999988,
      369.6370707007417,
      568.7792399999998,
      379.0664399999997
    ]
  ],
  "chunk_index": 332
}