{
  "headings": [
    "CONTRACTOR:"
  ],
  "page_numbers": [
    26
  ],
  "text": "Charleston, South Carolina 29403 Phone #: (832) 420-0576",
  "bboxes": [
    [
      73.9995,
      298.81564687499997,
      239.70935999999995,
      320.79989249999994
    ]
  ],
  "chunk_index": 1046
}