{
  "headings": [
    "Site Logistics Planning"
  ],
  "page_numbers": [
    190
  ],
  "text": "4. o Driveways",
  "bboxes": [
    [
      62.03435999999998,
      578.2218734573948,
      120.59915999999997,
      589.0612800000001
    ]
  ],
  "chunk_index": 240
}