{
  "headings": [
    "Cranes"
  ],
  "page_numbers": [
    203
  ],
  "text": "12. All cranes must be equipped with a 5BC rated fire extinguisher.",
  "bboxes": [
    [
      43.239840000000186,
      562.5946707007421,
      342.77688000000023,
      572.0240400000001
    ]
  ],
  "chunk_index": 444
}