{
  "headings": [
    "PAYMENTS"
  ],
  "page_numbers": [
    8
  ],
  "text": "- (c) Subtract the aggregate of previous payments made by Contractor;",
  "bboxes": [
    [
      118.80000000000001,
      267.263896875,
      465.99936300000013,
      272.8598925
    ]
  ],
  "chunk_index": 70
}