{
  "headings": [
    "Online Portal Instructions"
  ],
  "page_numbers": [
    129
  ],
  "text": "- Notice of Subcontract",
  "bboxes": [
    [
      72.024,
      468.2450329281768,
      201.23911999999999,
      478.14712000000003
    ]
  ],
  "chunk_index": 1984
}