{
  "headings": [
    "Electrical"
  ],
  "page_numbers": [
    196
  ],
  "text": "2. All extension cords must be rated for hard or extra hard usage. All extension cords will be a 'three wire type' with the ground prong in place.",
  "bboxes": [
    [
      43.19999999999993,
      486.84440527659547,
      551.2048200000006,
      511.0563599999997
    ]
  ],
  "chunk_index": 328
}