{
  "headings": [
    "Coverage Limits"
  ],
  "page_numbers": [
    120
  ],
  "text": "- Each Occurrence",
  "bboxes": [
    [
      128.9,
      684.217475359116,
      229.73888,
      693.15088
    ]
  ],
  "chunk_index": 1887
}