{
  "headings": [
    "Procedure"
  ],
  "page_numbers": [
    206
  ],
  "text": "- o Severe weather responses will be included in the project folder in Procore.",
  "bboxes": [
    [
      42.36,
      654.844978648384,
      394.8068400000001,
      664.7716800000001
    ]
  ],
  "chunk_index": 501
}