{
  "headings": [
    "General Safety/Health"
  ],
  "page_numbers": [
    191
  ],
  "text": "7. Refer to the site-specific emergency action plan for detailed information.",
  "bboxes": [
    [
      43.18008000000003,
      664.585070700742,
      387.33792000000005,
      674.01444
    ]
  ],
  "chunk_index": 260
}