{
  "headings": [
    "Excluded Party"
  ],
  "page_numbers": [
    116
  ],
  "text": "\"Project Site\" as defined by the OCIP Insurer:",
  "bboxes": [
    [
      192.14,
      415.08503292817676,
      419.53912,
      424.98712
    ]
  ],
  "chunk_index": 1869
}