{
  "headings": [
    "GSC Birchway Commerce City Project No. c20-849 10681 Peoria Parkway, Commerce City, Colorado 80022"
  ],
  "page_numbers": [
    92
  ],
  "text": "Title:",
  "bboxes": [
    [
      331.63,
      187.40527999999995,
      360.90999999999997,
      196.91071999999997
    ]
  ],
  "chunk_index": 1706
}