{
  "headings": [
    "In Case of Fire:"
  ],
  "page_numbers": [
    223
  ],
  "text": "Muster Point # 1 : The parking lot north of the                  project offices located at Page 41-A",
  "bboxes": [
    [
      43.19999999999999,
      623.0870745293073,
      463.21320000000003,
      633.6389999999999
    ]
  ],
  "chunk_index": 683
}