{
  "headings": [
    "SILICA HAZARD ASSESSMENT"
  ],
  "page_numbers": [
    224
  ],
  "text": "- [ ]  Grinding",
  "bboxes": [
    [
      43.2,
      488.1277276595745,
      95.38199999999999,
      497.412
    ]
  ],
  "chunk_index": 703
}