{
  "headings": [
    "CONTRACTOR:"
  ],
  "page_numbers": [
    26
  ],
  "text": "Title",
  "bboxes": [
    [
      104.55075000000001,
      135.93664687500006,
      126.93473249999997,
      141.53264250000007
    ]
  ],
  "chunk_index": 1064
}