{
  "headings": [
    "Coverage Limits"
  ],
  "page_numbers": [
    120
  ],
  "text": "- Aggregate",
  "bboxes": [
    [
      128.9,
      552.697475359116,
      192.95503999999994,
      561.63088
    ]
  ],
  "chunk_index": 1894
}