{
  "headings": [
    "Excluded Party"
  ],
  "page_numbers": [
    116
  ],
  "text": "Project Site",
  "bboxes": [
    [
      72.744,
      415.08503292817676,
      136.28912,
      424.98712
    ]
  ],
  "chunk_index": 1867
}