{
  "headings": [
    "General Rules"
  ],
  "page_numbers": [
    209
  ],
  "text": "10. Glass containers of any kind are not permitted on the jobsite.",
  "bboxes": [
    [
      43.19999999999993,
      454.60403070074193,
      336.74111999999997,
      464.0334
    ]
  ],
  "chunk_index": 539
}