{
  "headings": [
    "CONTRACTOR:"
  ],
  "page_numbers": [
    26
  ],
  "text": "Attn:",
  "bboxes": [
    [
      307.9995,
      298.81564687499997,
      333.6393345,
      304.41164249999997
    ]
  ],
  "chunk_index": 1050
}