{
  "headings": [
    "HAZARD ASSESSMENT"
  ],
  "page_numbers": [
    232
  ],
  "text": "- o When new, previously unidentified hazards are recognized.",
  "bboxes": [
    [
      38.16,
      428.4049786483839,
      321.2454,
      438.33167999999995
    ]
  ],
  "chunk_index": 815
}