{
  "headings": [
    "EXHIBIT 'C' - PROJECT MANUAL"
  ],
  "page_numbers": [
    54
  ],
  "text": "- As-Built Drawings & Specifications\n- Operating & Maintenance Manuals",
  "bboxes": [
    [
      90.024,
      522.6940000000001,
      285.29,
      533.0260000000001
    ],
    [
      90.024,
      508.054,
      280.61,
      518.386
    ]
  ],
  "chunk_index": 1232
}