{
  "headings": [
    "Excluded Party"
  ],
  "page_numbers": [
    116
  ],
  "text": "Owner Controlled Insurance Program",
  "bboxes": [
    [
      72.744,
      454.8050329281768,
      176.12912,
      477.66712
    ]
  ],
  "chunk_index": 1866
}