{
  "headings": [
    "Cranes"
  ],
  "page_numbers": [
    203
  ],
  "text": "14. The crane load chart must not be exceeded for any reason.",
  "bboxes": [
    [
      43.259760000000085,
      511.5994707007421,
      330.4364400000001,
      521.0288400000002
    ]
  ],
  "chunk_index": 446
}