{
  "headings": [
    "Material:"
  ],
  "page_numbers": [
    224
  ],
  "text": "If any selected, attach a copy of company's silica control program and SDS.",
  "bboxes": [
    [
      43.199999999999996,
      388.31972527659576,
      380.2962,
      397.53192
    ]
  ],
  "chunk_index": 712
}