{
  "headings": [
    "Excluded Party"
  ],
  "page_numbers": [
    116
  ],
  "text": "10681 Peoria Parkway, Commerce City, CO 80022",
  "bboxes": [
    [
      192.14,
      394.08503292817676,
      447.01912,
      403.98712
    ]
  ],
  "chunk_index": 1870
}