{
  "headings": [
    "GSC Birchway Commerce City Project No. c20-849"
  ],
  "page_numbers": [
    91
  ],
  "text": "DATED:",
  "bboxes": [
    [
      71.184,
      214.61672,
      112.78999999999999,
      223.19227999999998
    ]
  ],
  "chunk_index": 1697
}