{
  "headings": [
    "Subcontractor Safety Representation"
  ],
  "page_numbers": [
    187
  ],
  "text": "9. Proactively plan upcoming tasks and implement the use Pre-Task Plans (PTP's).",
  "bboxes": [
    [
      43.19004000000008,
      432.641990700742,
      413.9908800000001,
      442.07136
    ]
  ],
  "chunk_index": 176
}