{
  "headings": [
    "Medical Treatment and Incident Reporting"
  ],
  "page_numbers": [
    187
  ],
  "text": "5. Any injury to a member of the public",
  "bboxes": [
    [
      43.20995999999985,
      149.552870700742,
      227.53967999999986,
      158.98224000000005
    ]
  ],
  "chunk_index": 185
}