{
  "headings": [
    "10.6 CLEANING UP"
  ],
  "page_numbers": [
    15
  ],
  "text": "10.6.1 Subcontractor shall follow Contractor's cleanup directions, and",
  "bboxes": [
    [
      72.0,
      106.22164687500003,
      411.8831865,
      111.81764250000003
    ]
  ],
  "chunk_index": 136
}