{
  "headings": [
    "10681 Peoria Parkway, Commerce City, Colorado, 80022"
  ],
  "page_numbers": [
    88
  ],
  "text": "Title: _________________________",
  "bboxes": [
    [
      273.65,
      139.24400000000003,
      455.71,
      149.57600000000002
    ]
  ],
  "chunk_index": 1674
}