{
  "headings": [
    "Cranes"
  ],
  "page_numbers": [
    205
  ],
  "text": "- o Notify appropriate GS Sr leadership - Operations and Safety.",
  "bboxes": [
    [
      44.52,
      645.844978648384,
      338.04348000000005,
      655.7716800000001
    ]
  ],
  "chunk_index": 487
}