{
  "headings": [
    "Clash Resolution:"
  ],
  "page_numbers": [
    80
  ],
  "text": "4. Visual Elements",
  "bboxes": [
    [
      110.06,
      671.53,
      183.03704,
      679.5699999999999
    ]
  ],
  "chunk_index": 1555
}