{
  "headings": [
    "CALIFORNIA Dial-A-Forecast"
  ],
  "page_numbers": [
    236
  ],
  "text": "- o San Francisco 831-656-1725 (#1)",
  "bboxes": [
    [
      38.16,
      123.36497864838395,
      204.13572000000002,
      133.29168000000004
    ]
  ],
  "chunk_index": 892
}