{
  "headings": [
    "General Instructions"
  ],
  "page_numbers": [
    242
  ],
  "text": "Section references are to the Internal Revenue Code unless otherwise noted.",
  "bboxes": [
    [
      36.0,
      147.97101757812504,
      287.42400000000004,
      163.96701757812502
    ]
  ],
  "chunk_index": 998
}