{
  "headings": [
    "General Rules"
  ],
  "page_numbers": [
    209
  ],
  "text": "9. All employees should be trained in proper lifting techniques.",
  "bboxes": [
    [
      43.19999999999993,
      472.60175070074195,
      334.56984,
      482.03112
    ]
  ],
  "chunk_index": 538
}