{
  "headings": [
    "COMPLIANCE"
  ],
  "page_numbers": [
    231
  ],
  "text": "Our system of ensuring that all workers comply with the rules and maintain a safe work environment include:",
  "bboxes": [
    [
      24.999840000000063,
      451.80116527659567,
      509.5638000000001,
      461.0133599999999
    ]
  ],
  "chunk_index": 798
}