{
  "chunk_index": 1192,
  "headings": [
    "A. GS CONSTRUCTION MOUNTAIN, LLC PROJECT DIRECTORY"
  ],
  "text": "Project Name:\nGSC Birchway Commerce City\nProject Address:\n10681 Peoria Parkway, Commerce City, CO 80022\nProject Number:\nc20-849\n5445 DTC Pkwy | Penthouse 1 | Greenwood Village, CO 80111\nManaging Director:\nDan Johnson\n303.550.9333\nProject Manager:\nDaniel McLaughlin\n832-420-0576\nSuperintendent:\nJames Berry\n303-923-0926\nProject Coordinator:\nMary Parker\n281-824-2484",
  "page_numbers": [
    48
  ],
  "bboxes": [
    [
      93.624,
      595.6840000000001,
      168.62,
      606.0160000000001
    ],
    [
      246.05,
      595.6840000000001,
      401.35,
      606.0160000000001
    ],
    [
      93.624,
      568.0840000000001,
      179.3,
      578.416
    ],
    [
      246.05,
      568.0840000000001,
      495.7,
      578.416
    ],
    [
      93.624,
      540.4540000000001,
      179.3,
      550.7860000000001
    ],
    [
      246.05,
      540.4540000000001,
      288.41,
      550.7860000000001
    ],
    [
      188.78,
      480.69399999999996,
      498.34,
      491.02599999999995
    ],
    [
      198.05,
      407.13399999999996,
      295.97,
      417.46599999999995
    ],
    [
      350.47,
      407.13399999999996,
      415.75,
      417.46599999999995
    ],
    [
      458.5,
      407.13399999999996,
      527.5,
      417.46599999999995
    ],
    [
      198.05,
      393.334,
      283.97,
      403.666
    ],
    [
      350.47,
      393.334,
      447.79,
      403.666
    ],
    [
      458.5,
      393.334,
      529.54,
      403.666
    ],
    [
      198.05,
      379.534,
      281.45,
      389.866
    ],
    [
      350.47,
      379.534,
      413.11,
      389.866
    ],
    [
      458.5,
      379.534,
      529.54,
      389.866
    ],
    [
      198.05,
      365.714,
      299.33,
      376.046
    ],
    [
      350.47,
      365.714,
      413.83,
      376.046
    ],
    [
      458.5,
      365.714,
      529.54,
      376.046
    ]
  ],
  "filterCombined": true
}