{
  "headings": [
    "JOINT CHECK AGREEMENT"
  ],
  "page_numbers": [
    70
  ],
  "text": "Title:",
  "bboxes": [
    [
      72.024,
      115.36400000000003,
      101.064,
      125.69600000000003
    ]
  ],
  "chunk_index": 1419
}