{
  "headings": [
    "Personal Protective Equipment (PPE)"
  ],
  "page_numbers": [
    192
  ],
  "text": "3. Prescription glasses are not acceptable as safety glasses unless they have an ANSI Z-87 rating.",
  "bboxes": [
    [
      43.190039999999954,
      434.5485507007419,
      483.4718400000001,
      443.9779199999999
    ]
  ],
  "chunk_index": 279
}