{
  "headings": [
    "Step One: Assess the Situation"
  ],
  "page_numbers": [
    217
  ],
  "text": "- Notify applicable government agency(ies).\n- Direct steps in the investigation.",
  "bboxes": [
    [
      169.2,
      498.1194852765957,
      378.48948,
      507.33167999999995
    ],
    [
      169.2,
      481.55948527659575,
      333.25115999999997,
      490.77168
    ]
  ],
  "chunk_index": 628
}