{
  "headings": [
    "Cooperation"
  ],
  "page_numbers": [
    124
  ],
  "text": "5. Participate in claim review meetings as requested.",
  "bboxes": [
    [
      72.024,
      157.75503292817677,
      340.81912,
      167.65711999999996
    ]
  ],
  "chunk_index": 1937
}