{
  "headings": [
    "Project Kick Off Meetings"
  ],
  "page_numbers": [
    188
  ],
  "text": "- o Staff count",
  "bboxes": [
    [
      75.84,
      191.0449786483839,
      144.60612,
      200.97168
    ]
  ],
  "chunk_index": 199
}