{
  "headings": [
    "F. ALTERNATES."
  ],
  "page_numbers": [
    34
  ],
  "text": "ANY TIME",
  "bboxes": [
    [
      9.990751934742857,
      712.0455060759855,
      36.00924813021812,
      717.4635848193132
    ]
  ],
  "chunk_index": 1168
}