{
  "headings": [
    "TERMINATION AND DEFAULT"
  ],
  "page_numbers": [
    22
  ],
  "text": "- (b) take actions necessary  or that Contractor may  direct for protection  and preservation of the Work; and",
  "bboxes": [
    [
      118.80000000000001,
      130.997146875,
      539.9939160000001,
      148.98089249999998
    ]
  ],
  "chunk_index": 1016
}