{
  "headings": [
    "Subcontractor"
  ],
  "page_numbers": [
    189
  ],
  "text": "- o Inspection processes\n- o Critical lifts",
  "bboxes": [
    [
      270.72,
      250.56497864838389,
      384.4854000000001,
      260.49168
    ],
    [
      270.72,
      235.56497864838389,
      340.4522400000001,
      245.49167999999997
    ]
  ],
  "chunk_index": 228
}