{
  "headings": [
    "Scaffolding"
  ],
  "page_numbers": [
    197
  ],
  "text": "3. All employees that are required to work on scaffolds must be trained.",
  "bboxes": [
    [
      43.19999999999996,
      528.6285507007419,
      372.7266,
      538.05792
    ]
  ],
  "chunk_index": 340
}