{
  "headings": [
    "Project Kick Off Meetings"
  ],
  "page_numbers": [
    188
  ],
  "text": "- o Dig permitting process\n- o Dropped object protection\n- o Scaffolding",
  "bboxes": [
    [
      297.96,
      119.0449786483839,
      421.0878,
      128.97168
    ],
    [
      297.96,
      101.0449786483839,
      439.20504,
      110.97167999999999
    ],
    [
      297.96,
      83.0449786483839,
      368.76792,
      92.97167999999999
    ]
  ],
  "chunk_index": 209
}