{
  "headings": [
    "General Rules"
  ],
  "page_numbers": [
    209
  ],
  "text": "11. Radios are not allowed on GS Mountain projects; this also includes personal radios with headphones or earbuds.",
  "bboxes": [
    [
      43.20995999999991,
      436.6063107007419,
      565.4725199999999,
      446.03567999999996
    ]
  ],
  "chunk_index": 540
}