{
  "headings": [
    "Material:"
  ],
  "page_numbers": [
    224
  ],
  "text": "(Select all that Apply)",
  "bboxes": [
    [
      131.51532,
      302.51948527659573,
      227.40024,
      311.73168
    ]
  ],
  "chunk_index": 726
}