{
  "headings": [
    "Steel Erection"
  ],
  "page_numbers": [
    200
  ],
  "text": "5. Steel erectors must inspect their rigging each day before use, defective rigging or rigging that is not properly tagged will be removed from use.",
  "bboxes": [
    [
      43.200000000000045,
      300.8500452765957,
      551.2277279999997,
      325.06199999999995
    ]
  ],
  "chunk_index": 402
}