{
  "headings": [
    "C. SCHEDULE."
  ],
  "page_numbers": [
    32
  ],
  "text": "3. Completion date for this subcontract work is approximately Feb, 2027.",
  "bboxes": [
    [
      108.02,
      552.307475359116,
      438.43888000000004,
      561.2408800000001
    ]
  ],
  "chunk_index": 1153
}