{
  "headings": [
    "E. UNIT PRICING."
  ],
  "page_numbers": [
    33
  ],
  "text": "1, Description = Laborers. 1, Total ($) = $28.00. 1, Premium Rates = $42.00. 2, Description = Supervisor/Field Super. 2, Total ($) = $40.00. 2, Premium Rates = $60.00. 3, Description = Project Management. 3, Total ($) = $40.00. 3, Premium Rates = $60.00",
  "bboxes": [
    [
      85.68785095214844,
      306.6529541015625,
      448.86297607421875,
      415.0056457519531
    ]
  ],
  "chunk_index": 1161
}