{
  "headings": [
    "Exhibit"
  ],
  "page_numbers": [
    4
  ],
  "text": "- H GS Construction Mountain, LLC Vendor Reference Form",
  "bboxes": [
    [
      134.451,
      357.14314687500007,
      430.15197449999994,
      362.7391425
    ]
  ],
  "chunk_index": 38
}