{
  "headings": [
    "Subcontractor"
  ],
  "page_numbers": [
    189
  ],
  "text": "- o CIP enrollment and sub verification process",
  "bboxes": [
    [
      270.72,
      160.56497864838389,
      484.69296,
      170.49167999999997
    ]
  ],
  "chunk_index": 231
}