{
  "headings": [
    "Clash Resolution:"
  ],
  "page_numbers": [
    80
  ],
  "text": "1. Fire Sprinkler Main",
  "bboxes": [
    [
      110.06,
      514.42,
      191.43704,
      522.4599999999999
    ]
  ],
  "chunk_index": 1572
}