{
  "headings": [
    "Cranes"
  ],
  "page_numbers": [
    203
  ],
  "text": "13. Cranes must not work in the proximity of power lines until the line voltage has been determined;  at that point refer to CFR 1926.1407-1411 or 1612.1 Power Line Safety for guidance.",
  "bboxes": [
    [
      43.249800000000164,
      529.8143652765958,
      553.4936280000003,
      554.0263200000002
    ]
  ],
  "chunk_index": 445
}