{
  "headings": [
    "Project Kick Off Meetings"
  ],
  "page_numbers": [
    189
  ],
  "text": "- o Incident reporting, investigations\n- o Pre-Task Planning management plan",
  "bboxes": [
    [
      75.84,
      679.084978648384,
      243.60852000000003,
      689.0116800000001
    ],
    [
      75.84,
      661.084978648384,
      259.80348000000004,
      671.0116800000001
    ]
  ],
  "chunk_index": 211
}