{
  "headings": [
    "ACCIDENT/EXPOSURE INVESTIGATIONS"
  ],
  "page_numbers": [
    232
  ],
  "text": "- o Determining the cause of the accident/exposure.",
  "bboxes": [
    [
      38.16,
      180.72497864838397,
      277.08276000000006,
      190.65167999999994
    ]
  ],
  "chunk_index": 824
}