{
  "headings": [
    "E.4.1) Statement of Purpose"
  ],
  "page_numbers": [
    59
  ],
  "text": "- To promote and maintain a positive public image.",
  "bboxes": [
    [
      90.024,
      242.71399999999994,
      350.23,
      253.04600000000005
    ]
  ],
  "chunk_index": 1294
}