{
  "headings": [
    "Excavations"
  ],
  "page_numbers": [
    199
  ],
  "text": "3. A means of egress must be provided at every 25' of trench distance.",
  "bboxes": [
    [
      43.19004000000001,
      364.5868707007419,
      368.39400000000006,
      374.0162399999999
    ]
  ],
  "chunk_index": 381
}