{
  "headings": [
    "GS Mountain Team Leader"
  ],
  "page_numbers": [
    211
  ],
  "text": "3. o West Region - David Palmer\n2. Central Region -",
  "bboxes": [
    [
      79.19543999999999,
      396.17683345739465,
      233.15313599999988,
      407.0162399999999
    ],
    [
      43.19003999999997,
      379.58915070074187,
      141.23628,
      389.0185199999999
    ]
  ],
  "chunk_index": 555
}