{
  "headings": [
    "Communication Means"
  ],
  "page_numbers": [
    215
  ],
  "text": "- o 2-way radios\n- o Alternative means of communication shall be provided, in writing, to GS Mountain",
  "bboxes": [
    [
      48.0,
      289.20497864838393,
      124.92336,
      299.13167999999996
    ],
    [
      48.0,
      271.204978648384,
      434.88888000000003,
      281.13167999999996
    ]
  ],
  "chunk_index": 619
}