{
  "headings": [
    "Material:"
  ],
  "page_numbers": [
    224
  ],
  "text": "Additional Comments:",
  "bboxes": [
    [
      43.2,
      164.80071452930724,
      149.71224000000004,
      174.57035999999994
    ]
  ],
  "chunk_index": 734
}