{
  "headings": [
    "Ladders and Stairs"
  ],
  "page_numbers": [
    201
  ],
  "text": "8. Elevation changes in walking surfaces greater than 19' will require a ladder, steps, or stairs for safe access.",
  "bboxes": [
    [
      43.18007999999992,
      463.5997107007421,
      538.3115999999999,
      473.02908000000014
    ]
  ],
  "chunk_index": 414
}