{
  "headings": [
    "Fire Protection and Prevention"
  ],
  "page_numbers": [
    193
  ],
  "text": "5. Smoking is not permitted on any GS Mountain project. Refer to site-specific plans for guidance.",
  "bboxes": [
    [
      43.192319999999995,
      676.5868707007421,
      491.98992000000004,
      686.0162400000002
    ]
  ],
  "chunk_index": 291
}