{
  "headings": [
    "Material:"
  ],
  "page_numbers": [
    224
  ],
  "text": "- [ ]  Tile",
  "bboxes": [
    [
      302.4,
      369.44772765957447,
      333.819,
      378.73199999999997
    ]
  ],
  "chunk_index": 715
}