{
  "headings": [
    "Clash Resolution:"
  ],
  "page_numbers": [
    80
  ],
  "text": "- k. Fire Sprinkler Branch",
  "bboxes": [
    [
      74.064,
      396.7,
      161.43704,
      404.73999999999995
    ]
  ],
  "chunk_index": 1584
}