{
  "headings": [
    "Liability & Property Claim Reporting"
  ],
  "page_numbers": [
    127
  ],
  "text": "- -Non-Greystar employee injury at a project under construction (OCIP)\n- -All Other (OCIP)",
  "bboxes": [
    [
      126.02,
      90.91903292817676,
      484.72912,
      100.82112000000006
    ],
    [
      126.02,
      77.83903292817683,
      230.27912,
      87.74112000000002
    ]
  ],
  "chunk_index": 1972
}