{
  "headings": [
    "Follow Up Requirement:"
  ],
  "page_numbers": [
    218
  ],
  "text": "- o\n- High Potential Incidents (1,2,3) The Regional Safety Manager will set up the 72 hour follow up conference call with all applicable party's",
  "bboxes": [
    [
      48.0,
      444.12497864838394,
      52.536,
      451.31676
    ],
    [
      66.0,
      429.8394852765957,
      531.84912,
      454.05168
    ]
  ],
  "chunk_index": 644
}