{
  "headings": [
    "Excluded Party"
  ],
  "page_numbers": [
    116
  ],
  "text": "OCIP Insurer",
  "bboxes": [
    [
      72.744,
      555.1550329281768,
      143.00912,
      565.0571199999999
    ]
  ],
  "chunk_index": 1862
}