{
  "headings": [
    "Personal Protective Equipment (PPE)"
  ],
  "page_numbers": [
    192
  ],
  "text": "1. Employees are required to wear a shirt with at least 4' of sleeves. Tank tops or sleeveless shirts will not be allowed.",
  "bboxes": [
    [
      43.200000000000045,
      485.7609252765957,
      536.4709919999996,
      509.9728799999999
    ]
  ],
  "chunk_index": 277
}