{
  "headings": [
    "CONTRACTOR:"
  ],
  "page_numbers": [
    26
  ],
  "text": "ProcoreSubcontractorSignHere",
  "bboxes": [
    [
      352.848,
      253.65214687499997,
      505.62005550000043,
      259.2481425
    ]
  ],
  "chunk_index": 1055
}