{
  "headings": [
    "Part II Certification"
  ],
  "page_numbers": [
    242
  ],
  "text": "3. I am a U.S. citizen or other U.S. person (defined below); and",
  "bboxes": [
    [
      36.0,
      270.9720175781249,
      259.13599999999997,
      277.968017578125
    ]
  ],
  "chunk_index": 993
}