{
  "headings": [
    "Excluded Party"
  ],
  "page_numbers": [
    116
  ],
  "text": "Contract Insurance Cost",
  "bboxes": [
    [
      72.744,
      594.8750329281768,
      176.12256,
      617.73712
    ]
  ],
  "chunk_index": 1859
}