{
  "headings": [
    "10681 Peoria Parkway, Commerce City, Colorado, 80022"
  ],
  "page_numbers": [
    86
  ],
  "text": "Title: _________________________",
  "bboxes": [
    [
      273.65,
      128.92399999999998,
      455.71,
      139.25599999999997
    ]
  ],
  "chunk_index": 1654
}