{
  "headings": [
    "Clash Resolution:"
  ],
  "page_numbers": [
    80
  ],
  "text": "- i. Domestic Water / Gas (Threaded)",
  "bboxes": [
    [
      74.064,
      416.26,
      203.10703999999998,
      424.29999999999995
    ]
  ],
  "chunk_index": 1582
}