{
  "headings": [
    "Inspection requirements"
  ],
  "page_numbers": [
    212
  ],
  "text": "6. o Be nice and respectful\n7. o The GTL will:",
  "bboxes": [
    [
      61.18775999999997,
      515.2246334573949,
      173.99471999999997,
      526.0640400000002
    ],
    [
      61.18775999999997,
      497.22691345739486,
      132.94955999999996,
      508.06632000000013
    ]
  ],
  "chunk_index": 567
}