{
  "chunk_index": 1990,
  "headings": [
    "Notice of Subcontract"
  ],
  "text": "r name and\nWelcome to the MWrap Contractor Portal!\nMWrap organizes subcontractor communications, eliminates paperwork and reduces manual intervention and electronically organizes documents to\neliminate the need for paper filing systems.\nportal.\n· Monthly Payroll.\n· Insurance Cost Information.\n· Submit Certificate of Insurance.\n· Submit policy's Declaration and Rate pages.\n· Award your subcontractors.\n· CIP Manuals.\n· Claims Reporting Instructions.\nIf you are not already registered, please Register yourself via the link below.\nREGISTER ME\nPlease enter your new password below.\nEnter New Password\nEnter Confirm Password\n· Password should be at least 7 characters in length.\n· Password should contain 3 different characters (alpha, numeric, special character).\n· You will be required to change password every 90 days.\n· You cannot reuse previous 8 passwords.\nUse the hyperlink in the success message to move to the login screen.  Provide your user name and newly created password to complete the log in process.",
  "page_numbers": [
    130
  ],
  "bboxes": [
    [
      1.7222222462957385e-07,
      759.66000001925,
      57.33333350555555,
      764.28000001925
    ],
    [
      26.666666813333336,
      726.1081966614098,
      148.00000014666668,
      732.0983605958361
    ],
    [
      25.99999815000005,
      714.1278688275,
      173.99999815,
      718.7868852209426
    ],
    [
      25.333334391666636,
      702.1475409919262,
      110.00000105833332,
      708.1377049263524
    ],
    [
      25.999999866666673,
      686.173770425246,
      39.333333200000006,
      690.1672130481967
    ],
    [
      32.666666033333364,
      670.8655737372131,
      70.66666603333336,
      675.5245901306557
    ],
    [
      33.33333405833332,
      664.8754098443852,
      91.33333405833332,
      669.5344262378278
    ],
    [
      32.66666775555552,
      658.8852459127322,
      98.00000108888885,
      663.5442623061749
    ],
    [
      32.66666521111116,
      653.5606557044263,
      119.9999985444445,
      658.2196720978689
    ],
    [
      32.000000626666655,
      646.2393442756065,
      94.66666729333333,
      652.8950819805247
    ],
    [
      32.66666725555553,
      642.2459017059016,
      68.00000058888888,
      647.5704918698361
    ],
    [
      33.333334108333325,
      636.9213114920492,
      95.33333410833332,
      640.9147541149999
    ],
    [
      25.999997611111194,
      614.9573770380874,
      169.33333094444455,
      619.61639343153
    ],
    [
      41.33333278888891,
      604.3081966991257,
      73.99999945555557,
      608.3016393220765
    ],
    [
      196.6666705542426,
      741.4163934537158,
      277.33333213464624,
      746.0754098471584
    ],
    [
      199.33333330000002,
      728.1049180361148,
      232.66666663333334,
      731.4327868885738
    ],
    [
      199.33333330058477,
      710.8000000029192,
      237.99999996725145,
      714.1278688553782
    ],
    [
      198.00000124999997,
      690.832786910205,
      298.00000124999997,
      695.4918033036475
    ],
    [
      197.99999826666672,
      685.5081966963525,
      336.6666649333334,
      690.167213089795
    ],
    [
      197.99999832222227,
      674.193442711694,
      307.9999983222223,
      679.5180327169433
    ],
    [
      198.00000135424264,
      668.8688525366667,
      278.6666629346463,
      673.5278689301093
    ],
    [
      72.024,
      430.9250329281768,
      541.2723199999995,
      453.90712
    ]
  ],
  "filterCombined": true
}