{
  "headings": [
    "Site Logistics Planning"
  ],
  "page_numbers": [
    190
  ],
  "text": "20. o Parking areas\n3. Site logistics plans should be assembled in an electronic version that is clearly laid out and easily understood.",
  "bboxes": [
    [
      314.04,
      452.2122734573947,
      387.01104000000004,
      463.05168
    ],
    [
      43.2,
      432.62231070074193,
      550.5623999999999,
      442.05168
    ]
  ],
  "chunk_index": 249
}