{
  "headings": [
    "Cranes"
  ],
  "page_numbers": [
    202
  ],
  "text": "10. o Assembly areas\n11. o Soil stabilization",
  "bboxes": [
    [
      48.6,
      327.12497864838394,
      138.49128,
      337.05168
    ],
    [
      48.6,
      312.12497864838394,
      141.13068,
      322.05168
    ]
  ],
  "chunk_index": 426
}