{
  "headings": [
    "Cranes"
  ],
  "page_numbers": [
    204
  ],
  "text": "- o Component Inspections prior to assembly\n- o Base tower section must be plumb before concrete is placed and verified after placement",
  "bboxes": [
    [
      49.08,
      525.844978648384,
      259.08888,
      535.7716800000001
    ],
    [
      49.08,
      510.844978648384,
      469.0855200000001,
      520.7716800000001
    ]
  ],
  "chunk_index": 465
}