{
  "headings": [
    "Steel Erection"
  ],
  "page_numbers": [
    200
  ],
  "text": "1. Steel erectors must use 100% fall protection for all their activities without exception.",
  "bboxes": [
    [
      43.19999999999999,
      417.62303070074194,
      438.0044400000001,
      427.0524
    ]
  ],
  "chunk_index": 398
}