{
  "headings": [
    "Steel Erection"
  ],
  "page_numbers": [
    200
  ],
  "text": "3. The 'site specific steel erection plan' will be expected to lay out the complete safety plan for the erection of the structure(s).",
  "bboxes": [
    [
      43.200000000000045,
      366.8450052765957,
      565.3729200000001,
      391.05695999999995
    ]
  ],
  "chunk_index": 400
}