{
  "headings": [
    "Self-Perform Projects"
  ],
  "page_numbers": [
    191
  ],
  "text": "- o Third-Party Safety Consultants\n- o *Clear and Grub - Once a month",
  "bboxes": [
    [
      48.0,
      489.12497864838394,
      205.79856000000004,
      499.05168
    ],
    [
      79.2,
      470.2122734573947,
      247.56384,
      481.05168
    ]
  ],
  "chunk_index": 264
}