{
  "headings": [
    "Request for Taxpayer Identification Number and Certification"
  ],
  "page_numbers": [
    242
  ],
  "text": "See Specific Instructions on page 3.",
  "bboxes": [
    [
      46.5999514,
      502.627017578125,
      53.59586395,
      637.3150175781257
    ]
  ],
  "chunk_index": 965
}