{
  "headings": [
    "Clash Resolution:"
  ],
  "page_numbers": [
    80
  ],
  "text": "2. HVAC",
  "bboxes": [
    [
      182.06,
      593.05,
      220.26703999999998,
      601.0899999999999
    ]
  ],
  "chunk_index": 1564
}