{
  "headings": [
    "Exhibit"
  ],
  "page_numbers": [
    4
  ],
  "text": "- K Baseline Project Schedule 11.17.2025\n- L GS Construction Mountain, LLC Target Zero Safety Manual",
  "bboxes": [
    [
      134.451,
      307.979896875,
      340.1760644999999,
      313.5758925
    ],
    [
      134.451,
      291.59164687500004,
      442.35042,
      297.1876425
    ]
  ],
  "chunk_index": 41
}