{
  "headings": [
    "Excavations"
  ],
  "page_numbers": [
    199
  ],
  "text": "4. Benching, sloping, shoring systems, or trench boxes will be used to protect employee(s) from cave-ins in excavations that are 5' or deeper.",
  "bboxes": [
    [
      43.19004000000001,
      331.8065652765957,
      528.5876520000002,
      356.0185199999999
    ]
  ],
  "chunk_index": 382
}