{
  "headings": [
    "Online Portal Instructions"
  ],
  "page_numbers": [
    129
  ],
  "text": "- Notice of Work Completion\n- Certificate of Insurance requirements\n- Available reports",
  "bboxes": [
    [
      72.024,
      429.4850329281768,
      226.55912,
      439.38712000000004
    ],
    [
      72.024,
      410.16503292817674,
      276.59911999999997,
      420.06712
    ],
    [
      72.024,
      390.72503292817674,
      175.04912,
      400.62712
    ]
  ],
  "chunk_index": 1986
}