{
  "headings": [
    "Cranes"
  ],
  "page_numbers": [
    202
  ],
  "text": "6. o Other cranes on site\n7. o FAA compliance",
  "bboxes": [
    [
      48.6,
      387.12497864838394,
      159.60648,
      397.05168
    ],
    [
      48.6,
      372.12497864838394,
      142.68444,
      382.05168
    ]
  ],
  "chunk_index": 424
}