{
  "headings": [
    "Subcontractor"
  ],
  "page_numbers": [
    189
  ],
  "text": "- o Work hours and parking\n- o Emergency action plan",
  "bboxes": [
    [
      297.96,
      712.084978648384,
      425.52996,
      722.0116800000001
    ],
    [
      297.96,
      694.084978648384,
      420.96828,
      704.0116800000001
    ]
  ],
  "chunk_index": 232
}