{
  "headings": [
    "PAYMENTS"
  ],
  "page_numbers": [
    9
  ],
  "text": "- (g) Unsatisfactory prosecution of the Work by Subcontractor;",
  "bboxes": [
    [
      118.80000000000001,
      440.694646875,
      421.7703735000001,
      446.2906425
    ]
  ],
  "chunk_index": 80
}