{
  "headings": [
    "1. SAFETY"
  ],
  "page_numbers": [
    72
  ],
  "text": "_________",
  "bboxes": [
    [
      516.94,
      15.59747535911606,
      566.9491600000005,
      24.530880000000025
    ]
  ],
  "chunk_index": 1445
}