{
  "headings": [
    "Signs, Signals, and Barricades"
  ],
  "page_numbers": [
    194
  ],
  "text": "1. Red flagging tape means 'Do not Cross.' Yellow flagging tape means 'Caution.'",
  "bboxes": [
    [
      43.19999999999999,
      636.622790700742,
      427.8054000000001,
      646.0521600000001
    ]
  ],
  "chunk_index": 300
}