{
  "headings": [
    "Request for Taxpayer Identification Number and Certification"
  ],
  "page_numbers": [
    242
  ],
  "text": "Print or type.",
  "bboxes": [
    [
      37.0000714,
      545.371017578125,
      43.989128651076925,
      596.7870175781253
    ]
  ],
  "chunk_index": 964
}