{
  "headings": [
    "Closing Conference"
  ],
  "page_numbers": [
    213
  ],
  "text": "2. o Name and location of the facility of jobsite inspected",
  "bboxes": [
    [
      61.197720000000004,
      602.2173134573948,
      310.68576,
      613.05672
    ]
  ],
  "chunk_index": 577
}