{
  "headings": [
    "Site Logistics Planning"
  ],
  "page_numbers": [
    190
  ],
  "text": "9. o Walk paths for workers/public\n10. o Dumpster locations",
  "bboxes": [
    [
      62.02439999999994,
      488.2332734573949,
      207.94835999999995,
      499.07268000000016
    ],
    [
      62.02439999999996,
      470.2355534573949,
      162.23195999999996,
      481.07496000000015
    ]
  ],
  "chunk_index": 243
}