{
  "headings": [
    "Tools, Hand, and Power"
  ],
  "page_numbers": [
    195
  ],
  "text": "5. The competent person on each crew must inspect their tools each day before use.",
  "bboxes": [
    [
      43.17012,
      522.6326307007421,
      433.2933600000001,
      532.0620000000001
    ]
  ],
  "chunk_index": 320
}