{
  "headings": [
    "JOINT CHECK AGREEMENT"
  ],
  "page_numbers": [
    70
  ],
  "text": "JOINT PAYEE",
  "bboxes": [
    [
      288.05,
      210.79399999999998,
      365.95,
      221.12599999999998
    ]
  ],
  "chunk_index": 1417
}