{
  "headings": [
    "Subcontractor Safety Representation"
  ],
  "page_numbers": [
    187
  ],
  "text": "7. Discussion of observed unsafe acts and conditions.",
  "bboxes": [
    [
      43.19004000000007,
      483.637190700742,
      290.75580000000014,
      493.06656000000004
    ]
  ],
  "chunk_index": 174
}