{
  "headings": [
    "PAYMENTS"
  ],
  "page_numbers": [
    7
  ],
  "text": "- (g) Evidence of payments to applicable unions and union trust funds,",
  "bboxes": [
    [
      118.80000000000001,
      267.263896875,
      461.1375840000002,
      272.8598925
    ]
  ],
  "chunk_index": 60
}