{
  "headings": [
    "This manual:"
  ],
  "page_numbers": [
    111
  ],
  "text": "- Identifies the responsibilities of the various parties involved in the project;",
  "bboxes": [
    [
      72.024,
      194.38503292817677,
      448.45912,
      204.28711999999996
    ]
  ],
  "chunk_index": 1834
}