{
  "headings": [
    "CONTRACTOR:"
  ],
  "page_numbers": [
    26
  ],
  "text": "465 Meeting St, Suite 500",
  "bboxes": [
    [
      73.9995,
      331.591396875,
      200.4607514999999,
      337.1873925
    ]
  ],
  "chunk_index": 1045
}