{
  "headings": [
    "GSC Birchway Commerce City Project No. c20-849"
  ],
  "page_numbers": [
    91
  ],
  "text": "Title:",
  "bboxes": [
    [
      339.07,
      162.86672,
      365.68,
      171.44227999999998
    ]
  ],
  "chunk_index": 1699
}