{
  "headings": [
    "Exhibit"
  ],
  "page_numbers": [
    4
  ],
  "text": "- F GS Construction Mountain, LLC Supplier Waivers",
  "bboxes": [
    [
      134.451,
      389.918896875,
      395.5145489999999,
      395.5148925
    ]
  ],
  "chunk_index": 36
}