{
  "headings": [
    "EPA Compliance"
  ],
  "page_numbers": [
    209
  ],
  "text": "6. Spills or contaminations of soil will be the responsibility of those that created it to clean it up and see to its proper disposal.",
  "bboxes": [
    [
      43.200000000000045,
      114.85280527659575,
      571.3100759999988,
      139.06475999999998
    ]
  ],
  "chunk_index": 548
}