{
  "headings": [
    "CONTRACTOR:"
  ],
  "page_numbers": [
    26
  ],
  "text": "Project Director",
  "bboxes": [
    [
      104.55075000000001,
      153.3246468750001,
      187.00300199999995,
      158.92064249999999
    ]
  ],
  "chunk_index": 1062
}