{
  "headings": [
    "GSC Birchway Commerce City Project No. c20-849"
  ],
  "page_numbers": [
    91
  ],
  "text": "Company Name:",
  "bboxes": [
    [
      339.19,
      150.50671999999997,
      412.24,
      159.08227999999997
    ]
  ],
  "chunk_index": 1700
}