{
  "headings": [
    "Inspection requirements"
  ],
  "page_numbers": [
    212
  ],
  "text": "4. If the compliance officer won't wait be sure to follow the requirements below:",
  "bboxes": [
    [
      43.19004000000007,
      552.6301107007421,
      409.3196400000001,
      562.0594800000001
    ]
  ],
  "chunk_index": 565
}