{
  "headings": [
    "Material:"
  ],
  "page_numbers": [
    224
  ],
  "text": "- [ ]  Concrete/Cement Products",
  "bboxes": [
    [
      43.2,
      369.44772765957447,
      170.145,
      378.73199999999997
    ]
  ],
  "chunk_index": 713
}