{
  "headings": [
    "Third-Party GC Projects - GS Mountain Insured"
  ],
  "page_numbers": [
    191
  ],
  "text": "- o Site Team Inspections\n- o One documented inspection per week",
  "bboxes": [
    [
      48.0,
      315.12497864838394,
      166.56612,
      325.05168
    ],
    [
      48.0,
      297.12497864838394,
      243.24816,
      307.05168
    ]
  ],
  "chunk_index": 269
}