{
  "headings": [
    "Procedures for the Provision of Water:"
  ],
  "page_numbers": [
    236
  ],
  "text": "DRIVING SAFETY + DELIVERING QUALITY",
  "bboxes": [
    [
      12.63350889068061,
      758.6666667,
      116.3612575817801,
      764.6666667
    ]
  ],
  "chunk_index": 877
}