{
  "headings": [
    "Project Hazard Assessment"
  ],
  "page_numbers": [
    225
  ],
  "text": "Prior to commencing work the project team should:",
  "bboxes": [
    [
      43.201559999999986,
      399.9647652765957,
      275.52852,
      409.17695999999995
    ]
  ],
  "chunk_index": 751
}