{
  "headings": [
    "JOINT CHECK AGREEMENT"
  ],
  "page_numbers": [
    70
  ],
  "text": "SUBCONTRACTOR",
  "bboxes": [
    [
      72.024,
      210.79399999999998,
      179.66,
      221.12599999999998
    ]
  ],
  "chunk_index": 1416
}