{
  "headings": [
    "Trauma Kit/AED"
  ],
  "page_numbers": [
    222
  ],
  "text": "The person responsible for delivering the trauma kit will also be responsible for:",
  "bboxes": [
    [
      43.20156000000003,
      234.6022452765958,
      401.29344000000003,
      243.81444
    ]
  ],
  "chunk_index": 676
}