{
  "headings": [
    "CALIFORNIA Dial-A-Forecast"
  ],
  "page_numbers": [
    236
  ],
  "text": "- o San Diego 619-297-2107 (#1)",
  "bboxes": [
    [
      38.16,
      141.36497864838395,
      189.61404000000002,
      151.29168000000004
    ]
  ],
  "chunk_index": 891
}