{
  "headings": [
    "Informal/Formal Conferences"
  ],
  "page_numbers": [
    213
  ],
  "text": "- o Description of Safety Programs and material presented to the Compliance Officer",
  "bboxes": [
    [
      349.19111999999996,
      534.871525276596,
      559.0423440000001,
      559.0834800000003
    ]
  ],
  "chunk_index": 587
}