{
  "headings": [
    "Subcontractor"
  ],
  "page_numbers": [
    189
  ],
  "text": "- o Trash chute\n- o Critical lifts",
  "bboxes": [
    [
      270.72,
      220.56497864838389,
      343.21116000000006,
      230.49167999999997
    ],
    [
      270.72,
      205.56497864838389,
      343.3306800000001,
      215.49167999999997
    ]
  ],
  "chunk_index": 229
}