{
  "headings": [
    "Informal/Formal Conferences"
  ],
  "page_numbers": [
    213
  ],
  "text": "- o Description of photographs taken\n- o Names of closing conference participants",
  "bboxes": [
    [
      349.19112,
      482.249113457395,
      512.8737600000001,
      493.0885200000003
    ],
    [
      349.18116000000003,
      464.251393457395,
      547.18596,
      475.0908000000003
    ]
  ],
  "chunk_index": 589
}