{
  "headings": [
    "Tools, Hand, and Power"
  ],
  "page_numbers": [
    195
  ],
  "text": "1. No safety device should ever be removed from any tool, such as a guard or a T-handle on a handheld grinder.",
  "bboxes": [
    [
      43.19999999999993,
      654.6225507007421,
      554.75556,
      664.0519200000001
    ]
  ],
  "chunk_index": 316
}