{
  "headings": [
    "Clash Resolution:"
  ],
  "page_numbers": [
    80
  ],
  "text": "1. Electrical Conduit",
  "bboxes": [
    [
      110.06,
      445.78000000000003,
      186.75704,
      453.82
    ]
  ],
  "chunk_index": 1579
}