{
  "chunk_index": 763,
  "headings": [
    "EMERGENCY ROOM"
  ],
  "text": "DRIVING SAFETY + DELIVERING QUALITY\nAll temporary operations involving open flames or producing heat and/or sparks require a Hot Work Permit. This includes, but is not limited to, Brazing, Cutting, Grinding, Soldering, Thawing, and Welding.\n1. Verify precautions listed are right (or do not proceed with the work).\n2. Complete and retain for job files.\n3. Post a copy in vicinity of hot work.\nDate:\nJob No:\nLocation/Building & Floor (Be Specific)\nDescription Of Work Being Performed\nName Of Person\nDoing Hot Work\nThe above location has been examined, the precautions checked on the Hot Work Checklist have been taken to prevent fire, and permission is authorized for this work.\nSIGNED:\n(Fire Safety - GS Mountain\nSuperintendent)\nSIGNED:\n(Person Doing Hot Work - Subcontractor)\nSIGNED:\n(Fire Watch - Subcontractor)\nTime Started\nDate:\nTime:\nPermit Expires\nDate:\nTime:",
  "page_numbers": [
    227
  ],
  "bboxes": [
    [
      12.63350889068061,
      758.6666667,
      116.3612575817801,
      764.6666667
    ],
    [
      24.96,
      663.8397252765957,
      588.7896240000003,
      688.05168
    ],
    [
      24.969960000000015,
      615.6253107007419,
      348.02256000000006,
      625.05468
    ],
    [
      24.969960000000015,
      597.627590700742,
      193.33380000000002,
      607.05696
    ],
    [
      24.960000000000036,
      579.629870700742,
      197.52696000000003,
      589.05924
    ],
    [
      30.35832000000002,
      558.265670700742,
      57.72840000000003,
      567.6950400000001
    ],
    [
      146.64132000000004,
      558.265670700742,
      185.77416000000002,
      567.6950400000001
    ],
    [
      30.36,
      519.022310700742,
      122.52784800000008,
      543.45168
    ],
    [
      30.36,
      482.54231070074195,
      126.72299999999993,
      506.97168
    ],
    [
      30.36,
      461.06231070074193,
      108.60177599999999,
      470.49168
    ],
    [
      30.36,
      446.06231070074193,
      107.64887999999999,
      455.49168
    ],
    [
      24.96,
      390.7199652765957,
      583.4869200000003,
      414.93191999999993
    ],
    [
      34.90008,
      341.0713107007419,
      78.10656,
      350.50067999999993
    ],
    [
      327.36,
      349.1354900425532,
      424.64400000000006,
      356.57184
    ],
    [
      327.36804000000006,
      334.13285004255323,
      386.96052000000003,
      341.5692
    ],
    [
      34.92,
      291.0223107007419,
      75.24604799999999,
      300.45167999999995
    ],
    [
      327.36,
      291.6554900425532,
      476.00352,
      299.09184
    ],
    [
      34.92,
      248.54231070074195,
      75.24604799999999,
      257.97168
    ],
    [
      327.36,
      249.17549004255318,
      430.76244,
      256.61184000000003
    ],
    [
      34.92,
      193.58231070074203,
      96.24888,
      203.01168000000007
    ],
    [
      116.52,
      193.79948527659576,
      143.53152,
      203.01168000000007
    ],
    [
      224.52624000000003,
      193.79948527659576,
      252.25488,
      203.01168000000007
    ],
    [
      34.92,
      164.18231070074194,
      103.80888,
      173.61167999999998
    ],
    [
      116.52,
      164.39948527659578,
      143.52888,
      173.61167999999998
    ],
    [
      224.52,
      164.39948527659578,
      252.24887999999999,
      173.61167999999998
    ]
  ],
  "filterCombined": true
}