{
  "headings": [
    "Excluded Party"
  ],
  "page_numbers": [
    116
  ],
  "text": "GS Commerce City Apt Owner, LLC",
  "bboxes": [
    [
      192.14,
      515.4050329281768,
      371.29912,
      525.3071199999999
    ]
  ],
  "chunk_index": 1865
}