{
  "headings": [
    "Coverage Limits"
  ],
  "page_numbers": [
    120
  ],
  "text": "- Each Occurrence",
  "bboxes": [
    [
      128.9,
      385.50747535911603,
      229.73888,
      394.44088
    ]
  ],
  "chunk_index": 1903
}