{
  "headings": [
    "PAYMENTS"
  ],
  "page_numbers": [
    7
  ],
  "text": "- (a) A  statement  of  the  current  Contract  Sum  (including  approved  change  orders signed by the Parties);",
  "bboxes": [
    [
      118.80000000000001,
      415.91914687499997,
      539.9928330000001,
      433.9028925
    ]
  ],
  "chunk_index": 56
}