{
  "headings": [
    "Record keeping"
  ],
  "page_numbers": [
    225
  ],
  "text": "- o Third-Party Safety Inspections\n- o Toolbox Talk Safety Meetings",
  "bboxes": [
    [
      48.0,
      163.20497864838399,
      203.76672000000002,
      173.13167999999996
    ],
    [
      48.0,
      145.20497864838399,
      201.12732,
      155.13167999999996
    ]
  ],
  "chunk_index": 758
}