{
  "headings": [
    "Fall Protection"
  ],
  "page_numbers": [
    198
  ],
  "text": "4. o Scaffold erection or dismantling processes.\n5. o Operations where the regulatory agencies have made additional allowances such as state regulated plans.",
  "bboxes": [
    [
      61.177800000000104,
      581.2198334573949,
      266.2641600000001,
      592.0592400000002
    ],
    [
      61.177800000000076,
      563.2221134573949,
      547.9030800000002,
      574.0615200000002
    ]
  ],
  "chunk_index": 356
}