{
  "headings": [
    "Exhibit"
  ],
  "page_numbers": [
    4
  ],
  "text": "- G Marsh OCIP Insurance Requirements & Manual",
  "bboxes": [
    [
      134.451,
      373.53139687500004,
      387.3859184999998,
      379.12739250000004
    ]
  ],
  "chunk_index": 37
}