{
  "headings": [
    "Commerce City, CO 80022"
  ],
  "page_numbers": [
    225
  ],
  "text": "GSC Birchway Commerce City",
  "bboxes": [
    [
      128.33999999999997,
      669.558,
      292.27199999999993,
      682.95
    ]
  ],
  "chunk_index": 742
}