{
  "headings": [
    "Ladders and Stairs"
  ],
  "page_numbers": [
    201
  ],
  "text": "10. Employees are forbidden to stand on the top step or on the top of any step ladder.",
  "bboxes": [
    [
      43.18007999999992,
      412.6045107007421,
      435.59412,
      422.0338800000001
    ]
  ],
  "chunk_index": 416
}