{
  "headings": [
    "Cranes"
  ],
  "page_numbers": [
    203
  ],
  "text": "21. Sling inspection must be conducted as per ANSI / ASME B30.9.",
  "bboxes": [
    [
      43.36932000000013,
      310.61663070074206,
      347.82660000000016,
      320.0460000000001
    ]
  ],
  "chunk_index": 453
}