{
  "headings": [
    "PAYMENTS"
  ],
  "page_numbers": [
    8
  ],
  "text": "- 6.4 The amount of each progress payment shall be computed as follows:",
  "bboxes": [
    [
      72.0,
      391.14364687500006,
      443.4517515,
      396.73964249999995
    ]
  ],
  "chunk_index": 67
}