{
  "headings": [
    "CONTRACTOR:"
  ],
  "page_numbers": [
    26
  ],
  "text": "Signature",
  "bboxes": [
    [
      104.55075000000001,
      236.26414687500005,
      155.22544649999998,
      241.86014249999994
    ]
  ],
  "chunk_index": 1056
}