{
  "headings": [
    "Closing Conference"
  ],
  "page_numbers": [
    213
  ],
  "text": "3. o Name and identification number of the Compliance Officer",
  "bboxes": [
    [
      61.197719999999975,
      570.8470452765957,
      304.6559759999995,
      595.0590000000001
    ]
  ],
  "chunk_index": 578
}