{
  "headings": [
    "SILICA HAZARD ASSESSMENT"
  ],
  "page_numbers": [
    224
  ],
  "text": "- [ ]  Cleaning",
  "bboxes": [
    [
      169.32,
      464.7277276595745,
      222.10500000000002,
      474.012
    ]
  ],
  "chunk_index": 708
}