{
  "headings": [
    "Project Kick Off Meetings"
  ],
  "page_numbers": [
    188
  ],
  "text": "- o Hot work process\n- o Housekeeping/trash removal plan",
  "bboxes": [
    [
      297.96,
      245.0449786483839,
      396.36708000000004,
      254.97168
    ],
    [
      297.96,
      227.0449786483839,
      469.32408000000004,
      236.97168
    ]
  ],
  "chunk_index": 205
}