{
  "headings": [
    "Part II Certification"
  ],
  "page_numbers": [
    242
  ],
  "text": "Sign Here",
  "bboxes": [
    [
      36.0,
      193.98158680889424,
      59.89,
      212.718017578125
    ]
  ],
  "chunk_index": 996
}