{
  "headings": [
    "Fire Protection and Prevention"
  ],
  "page_numbers": [
    193
  ],
  "text": "action plans.'",
  "bboxes": [
    [
      61.2,
      712.7994852765958,
      125.41212,
      722.0116800000001
    ]
  ],
  "chunk_index": 289
}