{
  "headings": [
    "Cranes"
  ],
  "page_numbers": [
    203
  ],
  "text": "10. All  safety  devices  and  operational  aids  on  a  crane  must  be  functional  and  never  removed  or altered.",
  "bboxes": [
    [
      43.2000000000001,
      598.590110700742,
      532.9830000000002,
      608.01948
    ]
  ],
  "chunk_index": 442
}