{
  "headings": [
    "Cranes"
  ],
  "page_numbers": [
    204
  ],
  "text": "- o Design firm for tower crane\n- o Power",
  "bboxes": [
    [
      80.28,
      659.9322734573948,
      225.45895200000015,
      670.7716800000001
    ],
    [
      80.28,
      644.9322734573948,
      131.64372,
      655.7716800000001
    ]
  ],
  "chunk_index": 460
}