{
  "headings": [
    "PROJECT: GSC BIRCHWAY COMMERCE CITY"
  ],
  "page_numbers": [
    29
  ],
  "text": "_________",
  "bboxes": [
    [
      510.22,
      39.55128000000002,
      565.30228,
      51.712440000000015
    ]
  ],
  "chunk_index": 1117
}