{
  "headings": [
    "Part I Taxpayer Identification Number (TIN)"
  ],
  "page_numbers": [
    242
  ],
  "text": "Employer identification number",
  "bboxes": [
    [
      421.6,
      375.85251603966356,
      528.1049999999999,
      381.96801757812506
    ]
  ],
  "chunk_index": 989
}