{
  "headings": [
    "Site Logistics Planning"
  ],
  "page_numbers": [
    190
  ],
  "text": "4. The project plan is intended to be a 'living document' and will be updated and modified as the project progresses or changes.",
  "bboxes": [
    [
      43.190039999999954,
      399.8420052765957,
      526.8575999999991,
      424.05395999999996
    ]
  ],
  "chunk_index": 250
}