{
  "headings": [
    "Other Details"
  ],
  "page_numbers": [
    128
  ],
  "text": "- Claim review meetings are held as needed. Contractor's participati on is required when requested.",
  "bboxes": [
    [
      72.024,
      357.9450329281768,
      512.6456799999999,
      380.82712000000004
    ]
  ],
  "chunk_index": 1979
}