{
  "headings": [
    "General Safety/Health"
  ],
  "page_numbers": [
    190
  ],
  "text": "1. All trash and debris must be removed from the work areas daily, and placed in the dumpster, by the subcontractor who created it.",
  "bboxes": [
    [
      43.19004000000001,
      224.7609252765958,
      509.1029039999994,
      248.97288000000003
    ]
  ],
  "chunk_index": 254
}