{
  "headings": [
    "Subcontractor Safety Representation"
  ],
  "page_numbers": [
    187
  ],
  "text": "12. Monitor and control housekeeping issues daily.\n13. Must be able to communicate with the GS Mountain staff effectively in English.",
  "bboxes": [
    [
      43.200000000000045,
      363.64907070074196,
      274.3317600000001,
      373.07844
    ],
    [
      43.200000000000045,
      345.65135070074194,
      415.3354800000001,
      355.08072
    ]
  ],
  "chunk_index": 179
}