{
  "headings": [
    "911 Caller"
  ],
  "page_numbers": [
    222
  ],
  "text": "- o The location of the injured.\n- o The type of injury/s and number of people injured.",
  "bboxes": [
    [
      48.0,
      452.88497864838394,
      189.36456,
      462.81167999999997
    ],
    [
      48.0,
      434.88497864838394,
      294.37284000000005,
      444.81167999999997
    ]
  ],
  "chunk_index": 669
}