{
  "headings": [
    "Liability & Property Claim Reporting"
  ],
  "page_numbers": [
    127
  ],
  "text": "- When should I submit an incident?\n- -Property Damage at a project under construction (Builders Risk)",
  "bboxes": [
    [
      72.024,
      122.71503292817681,
      261.23912,
      132.61712
    ],
    [
      126.02,
      103.87503292817678,
      462.01912,
      113.77711999999997
    ]
  ],
  "chunk_index": 1971
}