{
  "headings": [
    "Coverage Limits"
  ],
  "page_numbers": [
    120
  ],
  "text": "4.Beazley AFB:  Beazley Furlonge Limited Syndicate 5623",
  "bboxes": [
    [
      110.9,
      465.022794519337,
      438.61912,
      474.90712
    ]
  ],
  "chunk_index": 1900
}