{
  "headings": [
    "Communication Means"
  ],
  "page_numbers": [
    215
  ],
  "text": "- o The use of a call system",
  "bboxes": [
    [
      48.0,
      307.20497864838393,
      174.48432,
      317.13167999999996
    ]
  ],
  "chunk_index": 618
}