{
  "headings": [
    "First Responder (person trained in 1st Aid/CPR) shall:"
  ],
  "page_numbers": [
    222
  ],
  "text": "- o Administer 1st Aid/CPR.\n- o Should have others in the work area secure the scene while he is administering 1st Aid/CPR.",
  "bboxes": [
    [
      48.0,
      579.964978648384,
      179.16552,
      589.8916800000001
    ],
    [
      48.0,
      561.964978648384,
      478.20456,
      571.8916800000001
    ]
  ],
  "chunk_index": 664
}