{
  "headings": [
    "PAYMENTS"
  ],
  "page_numbers": [
    9
  ],
  "text": "- (e) Damage to another subcontractor or Contractor or to portions of the Project;",
  "bboxes": [
    [
      118.80000000000001,
      502.634146875,
      513.0002265000005,
      508.2301425
    ]
  ],
  "chunk_index": 78
}