{
  "headings": [
    "GS Mountain Team Leader"
  ],
  "page_numbers": [
    211
  ],
  "text": "1. Notify immediately:\n2. o Regional Safety Manager specific to your region:",
  "bboxes": [
    [
      43.2,
      433.5823107007419,
      151.5648,
      443.01167999999996
    ],
    [
      61.19771999999999,
      414.17455345739467,
      294.36132000000003,
      425.01395999999994
    ]
  ],
  "chunk_index": 554
}