{
  "headings": [
    "SILICA HAZARD ASSESSMENT"
  ],
  "page_numbers": [
    224
  ],
  "text": "CONTRACTOR:",
  "bboxes": [
    [
      43.2,
      577.4077276595744,
      110.02199999999999,
      585.732
    ]
  ],
  "chunk_index": 694
}