{
  "headings": [
    "Exhibit"
  ],
  "page_numbers": [
    4
  ],
  "text": "- C GS Construction Mountain, LLC Project Manual",
  "bboxes": [
    [
      134.451,
      439.08289687499996,
      386.1539744999998,
      444.6788925
    ]
  ],
  "chunk_index": 33
}