{
  "headings": [
    "Site Logistics Planning"
  ],
  "page_numbers": [
    190
  ],
  "text": "2. The plan should include but not be limited to the locations of:",
  "bboxes": [
    [
      43.20000000000002,
      618.625310700742,
      343.08564000000007,
      628.0546800000001
    ]
  ],
  "chunk_index": 238
}