{
  "headings": [
    "OSHA INSPECTION POLICY"
  ],
  "page_numbers": [
    211
  ],
  "text": "continued",
  "bboxes": [
    [
      532.92,
      74.21597004255318,
      573.19236,
      81.65232000000003
    ]
  ],
  "chunk_index": 560
}