{
  "headings": [
    "CONTRACTOR:"
  ],
  "page_numbers": [
    26
  ],
  "text": "Phone #:",
  "bboxes": [
    [
      307.9995,
      282.42814687500004,
      354.39539099999996,
      288.02414250000004
    ]
  ],
  "chunk_index": 1052
}