{
  "headings": [
    "Coverage Limits"
  ],
  "page_numbers": [
    120
  ],
  "text": "- Aggregate",
  "bboxes": [
    [
      128.9,
      367.74747535911604,
      192.95503999999994,
      376.68088
    ]
  ],
  "chunk_index": 1904
}