{
  "headings": [
    "Fire Protection and Prevention"
  ],
  "page_numbers": [
    192
  ],
  "text": "3. All employees should be trained in the use of fire extinguishers and be familiar with the 'site specific emergency",
  "bboxes": [
    [
      43.20000000000016,
      82.58879070074192,
      564.5352839999998,
      92.01815999999997
    ]
  ],
  "chunk_index": 287
}