{
  "headings": [
    "Electrical"
  ],
  "page_numbers": [
    196
  ],
  "text": "7. Energized equipment must have permanent covers in place to protect workers from electrical hazards.",
  "bboxes": [
    [
      43.17011999999988,
      351.63935070074166,
      519.0987599999999,
      361.0687199999997
    ]
  ],
  "chunk_index": 333
}