{
  "headings": [
    "Subcontractor"
  ],
  "page_numbers": [
    189
  ],
  "text": "- o Their plan to manage and mitigate high risk tasks, most are identified in the GS Mountain Safety Manual\n- o Scope review",
  "bboxes": [
    [
      48.0,
      367.56497864838394,
      532.80528,
      377.49168
    ],
    [
      48.0,
      352.56497864838394,
      128.40936000000002,
      362.49168
    ]
  ],
  "chunk_index": 218
}