{
  "headings": [
    "CONTRACTOR:"
  ],
  "page_numbers": [
    26
  ],
  "text": "ProcoreSubcontractorTitleHere",
  "bboxes": [
    [
      352.848,
      153.3246468750001,
      503.97013050000044,
      158.92064249999999
    ]
  ],
  "chunk_index": 1063
}