{
  "headings": [
    "COMMUNICATION"
  ],
  "page_numbers": [
    231
  ],
  "text": "- o Regularly scheduled safety meetings.\n- o Effective communication of safety and health concerns between workers and supervisors, including translation where appropriate.",
  "bboxes": [
    [
      38.16,
      176.1649786483839,
      227.38534799999965,
      186.09168
    ],
    [
      38.16,
      143.8794852765957,
      578.463396,
      168.09168
    ]
  ],
  "chunk_index": 807
}