{
  "headings": [
    "Coverage Limits"
  ],
  "page_numbers": [
    120
  ],
  "text": "Insurer:  Lex London, a division or AIG UK Ltd (AM Best: A XV)",
  "bboxes": [
    [
      110.9,
      632.0927945193371,
      418.55415999999997,
      641.97712
    ]
  ],
  "chunk_index": 1891
}