{
  "headings": [
    "SUBCONTRACTOR/VENDOR REFERENCE FORM"
  ],
  "page_numbers": [
    132
  ],
  "text": "(include street location)",
  "bboxes": [
    [
      104.96,
      605.613190234375,
      206.7985887999998,
      614.520390234375
    ]
  ],
  "chunk_index": 1999
}