{
  "headings": [
    "This manual:"
  ],
  "page_numbers": [
    111
  ],
  "text": "- Provide coverage interpretations;",
  "bboxes": [
    [
      72.024,
      76.39903292817678,
      254.63912,
      86.30111999999997
    ]
  ],
  "chunk_index": 1839
}