{
  "headings": [
    "Included in this Contract Package are the following:"
  ],
  "page_numbers": [
    1
  ],
  "text": "- Exhibit K -Baseline Project Schedule\n- Exhibit L -GS Construction Mountain, LLC Target Zero Safety Manual",
  "bboxes": [
    [
      50.28,
      229.00807663551404,
      236.57095999999999,
      238.34072000000003
    ],
    [
      50.28,
      205.57807663551398,
      383.84623999999997,
      214.91071999999997
    ]
  ],
  "chunk_index": 12
}