{
  "headings": [
    "Fire Protection and Prevention"
  ],
  "page_numbers": [
    192
  ],
  "text": "2. Permits are required daily for each area where hot work is conducted.",
  "bboxes": [
    [
      43.20000000000017,
      100.58651070074188,
      376.5711600000002,
      110.01587999999992
    ]
  ],
  "chunk_index": 286
}