{
  "headings": [
    "Informal/Formal Conferences"
  ],
  "page_numbers": [
    213
  ],
  "text": "- o Action taken to correct alleged violation",
  "bboxes": [
    [
      349.19111999999996,
      602.237233457395,
      541.6780799999999,
      613.0766400000002
    ]
  ],
  "chunk_index": 585
}