{
  "headings": [
    "Exhibit J.1"
  ],
  "page_numbers": [
    79
  ],
  "text": "- j. (Division 26/27/28) Data/Security/Life Safety -See electrical",
  "bboxes": [
    [
      74.064,
      279.55999999999995,
      290.34704,
      287.59999999999997
    ]
  ],
  "chunk_index": 1542
}