{
  "headings": [
    "General Safety/Health"
  ],
  "page_numbers": [
    190
  ],
  "text": "2. GS Mountain reserves the right to stop the work of a subcontractor until they clean up the trash and debris they created.",
  "bboxes": [
    [
      43.19004000000001,
      191.7634452765958,
      560.8172159999999,
      215.97540000000004
    ]
  ],
  "chunk_index": 255
}