{
  "headings": [
    "Material Handling and Storage"
  ],
  "page_numbers": [
    194
  ],
  "text": "4. All material or equipment deliveries must be coordinated with GS Mountain site management.",
  "bboxes": [
    [
      43.19004000000001,
      374.550830700742,
      484.43796000000003,
      383.9802
    ]
  ],
  "chunk_index": 308
}