{
  "headings": [
    "Excluded Party"
  ],
  "page_numbers": [
    115
  ],
  "text": "- (iii) met all enrollment requirements, and\n- (iv) been issued a Certificate of Insurance by the  OCIP Administrator.",
  "bboxes": [
    [
      210.17,
      470.88503292817677,
      430.81912,
      480.78712
    ],
    [
      210.17,
      444.96503292817675,
      542.44912,
      467.82712000000004
    ]
  ],
  "chunk_index": 1848
}