{
  "headings": [
    "AUTHORITY FOR JOINT CHECKS"
  ],
  "page_numbers": [
    71
  ],
  "text": "Title:",
  "bboxes": [
    [
      288.05,
      215.35400000000004,
      317.09,
      225.68600000000004
    ]
  ],
  "chunk_index": 1434
}