{
  "headings": [
    "Project Leadership [Name, Contact Info]"
  ],
  "page_numbers": [
    225
  ],
  "text": "- o Project Manager :",
  "bboxes": [
    [
      48.0,
      516.244978648384,
      150.84923999999998,
      526.17168
    ]
  ],
  "chunk_index": 744
}