{
  "headings": [
    "JOINT CHECK AGREEMENT"
  ],
  "page_numbers": [
    70
  ],
  "text": "Date:",
  "bboxes": [
    [
      288.05,
      101.56399999999996,
      324.19,
      111.89599999999996
    ]
  ],
  "chunk_index": 1423
}