{
  "headings": [
    "Subcontractor"
  ],
  "page_numbers": [
    189
  ],
  "text": "- o Dig permitting process\n- o Traffic plans/public protection",
  "bboxes": [
    [
      48.6,
      250.56497864838389,
      171.72779999999997,
      260.49168
    ],
    [
      48.6,
      235.56497864838389,
      203.29104,
      245.49167999999997
    ]
  ],
  "chunk_index": 222
}