{
  "headings": [
    "Cranes"
  ],
  "page_numbers": [
    202
  ],
  "text": "8. o Swing radius\n9. o Delivery plans and routing",
  "bboxes": [
    [
      48.6,
      357.12497864838394,
      125.89187999999999,
      367.05168
    ],
    [
      48.6,
      342.12497864838394,
      190.57211999999998,
      352.05168
    ]
  ],
  "chunk_index": 425
}