{
  "headings": [
    "Work In Confined Spaces"
  ],
  "page_numbers": [
    228
  ],
  "text": "- [ ]  Containers purged of flammable liquids/vapors.",
  "bboxes": [
    [
      24.96,
      418.4077276595745,
      233.74200000000002,
      427.692
    ]
  ],
  "chunk_index": 776
}