{
  "headings": [
    "Steel Erection"
  ],
  "page_numbers": [
    200
  ],
  "text": "9. Cranes used for hoisting precast should be large enough to safely hoist all anticipated loads, multiple critical lifts should be avoided.",
  "bboxes": [
    [
      43.19999999999999,
      183.85988527659572,
      565.1906519999984,
      208.07183999999995
    ]
  ],
  "chunk_index": 406
}