{
  "headings": [
    "3. JOBSITE COMMUNICATION"
  ],
  "page_numbers": [
    77
  ],
  "text": "- Daily planning meeting(s). (Project Superintendent).\n- Weekly project safety meetings (Project Superintendent)",
  "bboxes": [
    [
      115.22,
      566.6750329281767,
      388.81912,
      576.5771199999999
    ],
    [
      115.22,
      548.5550329281767,
      410.89912,
      558.4571199999999
    ]
  ],
  "chunk_index": 1501
}