{
  "headings": [
    "Pre-Task Plan (PTP)"
  ],
  "page_numbers": [
    188
  ],
  "text": "4. When the task changes, so must the PTP.",
  "bboxes": [
    [
      43.21992000000009,
      486.63059070074195,
      247.7086800000001,
      496.05996
    ]
  ],
  "chunk_index": 194
}