{
  "chunk_index": 786,
  "headings": [
    "GS Mountain - Final Checkup after Hot Work is completed (Minimum 30 Minutes After Hot Work)"
  ],
  "text": "DRIVING SAFETY + DELIVERING QUALITY\nNAME:\nPROJECT:\nTRADE:\nDATE:\nEMPLOYER (GS Mountain or Subcontracto\nThe following Safety Violation(s) have been noted during an inspection:\nReason (Explain Below):\nType of Disciplinary Action Taken (Select One):\n- [ ] 1)  Written Warning\n- [ ] 2)  Suspension          3)  Termination/Permanent Discharge\nI have discussed the above cited reprimand with subject employee effective this date:             /           /\nSupervisor/Superintendent\nEmployee\nGS Mountain Representative\nComments:\nCOPIES:  Employee, Tradesman's Company Office, Procore Project File\n- o Copy 1: Completed DAN provided to employee/tradesman\n- o Copy 2: Copy of DAN sent to worker's office\n- o Copy 3: GS Mountain save copy of completed form in project Procore account\nBirchway Commerce City\nContinued",
  "page_numbers": [
    229
  ],
  "bboxes": [
    [
      12.63350889068061,
      758.6666667,
      116.3612575817801,
      764.6666667
    ],
    [
      24.96,
      673.0477276595744,
      56.502,
      681.372
    ],
    [
      317.52,
      673.0477276595744,
      361.66200000000003,
      681.372
    ],
    [
      24.96,
      645.8077276595744,
      58.662,
      654.132
    ],
    [
      317.52,
      645.8077276595744,
      343.4220000000001,
      654.132
    ],
    [
      24.96,
      618.5677276595744,
      195.76799999999974,
      626.8919999999999
    ],
    [
      24.96,
      589.5594852765958,
      345.61224000000004,
      598.7716800000001
    ],
    [
      24.95999999999998,
      523.5744852765959,
      133.56384,
      532.7866800000002
    ],
    [
      24.950039999999987,
      440.57811452930747,
      253.50216000000003,
      450.34776000000016
    ],
    [
      24.95004,
      426.13580527659593,
      111.78032400000004,
      435.3480000000002
    ],
    [
      138.68527200000008,
      426.13580527659593,
      400.16017199999953,
      435.3480000000002
    ],
    [
      24.930119999999988,
      398.29760527659596,
      520.2907200000001,
      407.5098000000002
    ],
    [
      24.96,
      374.99948527659575,
      147.36888,
      384.21168
    ],
    [
      24.96,
      350.63948527659574,
      72.60888,
      359.85168
    ],
    [
      24.96,
      314.51948527659573,
      94.20888,
      337.41168
    ],
    [
      24.96,
      275.40260527659575,
      79.21212,
      284.6148
    ],
    [
      24.959999999999994,
      150.3647652765958,
      351.71772000000004,
      159.5769600000001
    ],
    [
      29.76,
      131.64497864838393,
      316.80948000000006,
      141.57168000000001
    ],
    [
      29.76,
      113.64497864838393,
      252.24876000000003,
      123.57168000000001
    ],
    [
      29.76,
      95.64497864838393,
      403.33200000000005,
      105.57168000000001
    ],
    [
      366.42,
      672.438,
      501.048,
      685.83
    ],
    [
      547.5603899751037,
      63.361169925311174,
      595.2737999999999,
      71.21231999999998
    ]
  ],
  "filterCombined": true
}