{
  "headings": [
    "Step One: Assess the Situation"
  ],
  "page_numbers": [
    217
  ],
  "text": "-  SR Director, Construction Safety\n- Direct safety personnel to site.",
  "bboxes": [
    [
      133.2,
      531.4794852765957,
      298.6624920000004,
      541.14984
    ],
    [
      169.2,
      514.7994852765958,
      325.69152,
      524.0116800000001
    ]
  ],
  "chunk_index": 627
}