{
  "headings": [
    "Inspection requirements"
  ],
  "page_numbers": [
    212
  ],
  "text": "7. Employee interviews - The Compliance Officer is allowed to do so by law, employees may request a representative to be present",
  "bboxes": [
    [
      43.170119999999955,
      363.86624527659586,
      509.2224239999996,
      388.0782000000001
    ]
  ],
  "chunk_index": 572
}