{
  "headings": [
    "Post Sign-off"
  ],
  "page_numbers": [
    80
  ],
  "text": "2. Sleeve Drawings",
  "bboxes": [
    [
      110.06,
      210.44000000000005,
      182.91704,
      218.48000000000002
    ]
  ],
  "chunk_index": 1593
}