{
  "headings": [
    "Ladders and Stairs"
  ],
  "page_numbers": [
    201
  ],
  "text": "9. Extension ladders must be set up at a 4 to 1 ratio, extend at least 3 feet above the upper landing, and tied off at the top to prevent movement.",
  "bboxes": [
    [
      43.18007999999992,
      430.8194052765959,
      564.6308999999999,
      455.0313600000001
    ]
  ],
  "chunk_index": 415
}