{
  "headings": [
    "Informal/Formal Conferences"
  ],
  "page_numbers": [
    213
  ],
  "text": "- o A general description of the area or items inspected and findings",
  "bboxes": [
    [
      349.19111999999996,
      501.87404527659606,
      548.3702040000001,
      526.0860000000004
    ]
  ],
  "chunk_index": 588
}