{
  "headings": [
    "E.5.9) Chemical Labeling"
  ],
  "page_numbers": [
    65
  ],
  "text": "10. The labeling system will consist of the following types of labels:",
  "bboxes": [
    [
      78.624,
      143.44399999999996,
      421.39,
      153.77600000000007
    ]
  ],
  "chunk_index": 1365
}