{
  "headings": [
    "GS Mountain PROJECT SAFETY VIOLATION DISCIPLINARY ACTION POLICY"
  ],
  "page_numbers": [
    230
  ],
  "text": "The typical disciplinary action progression is as follows:",
  "bboxes": [
    [
      24.960000000000008,
      600.8445252765957,
      272.88432000000006,
      610.05672
    ]
  ],
  "chunk_index": 789
}