{
  "headings": [
    "PROJECT SAFETY PLAN"
  ],
  "page_numbers": [
    225
  ],
  "text": "PROJECT NAME:",
  "bboxes": [
    [
      43.2,
      670.0477276595744,
      116.38199999999999,
      678.372
    ]
  ],
  "chunk_index": 737
}