{
  "headings": [
    "Included in this Contract Package are the following:"
  ],
  "page_numbers": [
    1
  ],
  "text": "- TEXTURA Pay Application Procedure\n- Subcontractor Agreement",
  "bboxes": [
    [
      50.28,
      578.978076635514,
      238.30664000000002,
      588.31072
    ],
    [
      50.28,
      557.3780766355139,
      185.47664,
      566.7107199999999
    ]
  ],
  "chunk_index": 2
}