{
  "headings": [
    "JOINT CHECK AGREEMENT"
  ],
  "page_numbers": [
    70
  ],
  "text": "EXHIBIT 'C' - PROJECT MANUAL",
  "bboxes": [
    [
      72.024,
      46.350720000000024,
      228.98000000000002,
      54.92628000000002
    ]
  ],
  "chunk_index": 1426
}