{
  "headings": [
    "Project Hazard Assessment"
  ],
  "page_numbers": [
    225
  ],
  "text": "4. Excavation considerations, ie: locations and proximately to road, depth of deepest excavation, etc.",
  "bboxes": [
    [
      43.191599999999994,
      320.6751507007419,
      509.6383200000001,
      330.1045199999999
    ]
  ],
  "chunk_index": 754
}