{
  "headings": [
    "Online Portal Instructions"
  ],
  "page_numbers": [
    129
  ],
  "text": "- Enrollment",
  "bboxes": [
    [
      72.024,
      448.9250329281768,
      148.76912,
      458.82712000000004
    ]
  ],
  "chunk_index": 1985
}