{
  "headings": [
    "Supplier and Subcontractor Business Classification Form"
  ],
  "page_numbers": [
    133
  ],
  "text": "Expiration Date:",
  "bboxes": [
    [
      36.0,
      243.66611845303862,
      118.63568000000001,
      253.13768000000005
    ]
  ],
  "chunk_index": 2021
}