{
  "headings": [
    "SUBCONTRACTOR/VENDOR REFERENCE FORM"
  ],
  "page_numbers": [
    132
  ],
  "text": "Your correct mailing address:",
  "bboxes": [
    [
      80.685,
      618.5681249614469,
      206.64284629999997,
      627.444933434375
    ]
  ],
  "chunk_index": 1998
}