{
  "headings": [
    "Cranes"
  ],
  "page_numbers": [
    202
  ],
  "text": "21. o Designated flaggers\n22. o Inspection processes",
  "bboxes": [
    [
      270.72,
      402.12497864838394,
      381.6069600000001,
      412.05168
    ],
    [
      270.72,
      387.12497864838394,
      384.4854000000001,
      397.05168
    ]
  ],
  "chunk_index": 434
}