{
  "headings": [
    "Cranes"
  ],
  "page_numbers": [
    204
  ],
  "text": "- o Power cable from supply to tower base must be protected",
  "bboxes": [
    [
      49.08,
      465.844978648384,
      329.76504000000006,
      475.77168
    ]
  ],
  "chunk_index": 468
}