{
  "headings": [
    "Project Kick Off Meetings"
  ],
  "page_numbers": [
    189
  ],
  "text": "- o Equipment use, staging areas, training, etc.",
  "bboxes": [
    [
      75.84,
      628.7994852765958,
      270.83019599999955,
      653.0116800000001
    ]
  ],
  "chunk_index": 212
}