{
  "headings": [
    "In the Event of an Injury Requiring an Ambulance"
  ],
  "page_numbers": [
    222
  ],
  "text": "The victim should not be moved unless he or she is in imminent danger.",
  "bboxes": [
    [
      43.194240000000036,
      646.6799652765957,
      366.9639600000001,
      655.89216
    ]
  ],
  "chunk_index": 662
}