{
  "headings": [
    "Third-Party GC Projects - Not GS Mountain Insured"
  ],
  "page_numbers": [
    191
  ],
  "text": "- o Frequency may need to increase if site controls need improvement",
  "bboxes": [
    [
      48.0,
      213.12497864838394,
      366.73224000000005,
      223.05168000000003
    ]
  ],
  "chunk_index": 271
}