{
  "headings": [
    "E.5.5) Reference Reports and Lists"
  ],
  "page_numbers": [
    63
  ],
  "text": "- 29 CFR 1910, Subpart Z, Toxic and Hazardous Substances, OSHA",
  "bboxes": [
    [
      90.024,
      288.31399999999996,
      432.79,
      298.64599999999996
    ]
  ],
  "chunk_index": 1338
}