{
  "headings": [
    "Subcontractor"
  ],
  "page_numbers": [
    189
  ],
  "text": "- o Hot work process\n- o Housekeeping/trash removal",
  "bboxes": [
    [
      270.72,
      310.56497864838394,
      369.12708000000003,
      320.49168
    ],
    [
      270.72,
      295.56497864838394,
      420.01272000000006,
      305.49168
    ]
  ],
  "chunk_index": 226
}