{
  "headings": [
    "PAYMENTS"
  ],
  "page_numbers": [
    9
  ],
  "text": "- (i) Failure of Subcontractor to obtain the approvals required by any authority having jurisdiction;",
  "bboxes": [
    [
      118.80000000000001,
      366.36739687500005,
      539.9895270000001,
      384.3511424999999
    ]
  ],
  "chunk_index": 82
}