{
  "headings": [
    "Excluded Party"
  ],
  "page_numbers": [
    116
  ],
  "text": "Sponsor",
  "bboxes": [
    [
      72.744,
      273.3450329281768,
      120.44912,
      283.24712
    ]
  ],
  "chunk_index": 1873
}