{
  "headings": [
    "Clash Resolution:"
  ],
  "page_numbers": [
    80
  ],
  "text": "- d. Gravity Pipe",
  "bboxes": [
    [
      74.064,
      553.8100000000001,
      133.23703999999998,
      561.85
    ]
  ],
  "chunk_index": 1568
}