{
  "headings": [
    "Project Kick Off Meetings"
  ],
  "page_numbers": [
    189
  ],
  "text": "- o Orientation process\n- o CIP Enrollment including sub tiers",
  "bboxes": [
    [
      75.84,
      610.084978648384,
      184.56564,
      620.0116800000001
    ],
    [
      75.84,
      592.084978648384,
      247.45308,
      602.0116800000001
    ]
  ],
  "chunk_index": 213
}