{
  "headings": [
    "Cranes"
  ],
  "page_numbers": [
    202
  ],
  "text": "14. o Managing and limiting crane operator fatigue and overtime",
  "bboxes": [
    [
      48.6,
      252.83948527659572,
      238.55342400000018,
      277.05168000000003
    ]
  ],
  "chunk_index": 428
}