{
  "headings": [
    "Cranes"
  ],
  "page_numbers": [
    204
  ],
  "text": "- o Engineered drawings\n- o Foundation, includes anchor stools per manufacturer specs",
  "bboxes": [
    [
      49.08,
      705.844978648384,
      164.52864000000002,
      715.7716800000001
    ],
    [
      49.08,
      690.844978648384,
      332.40444,
      700.7716800000001
    ]
  ],
  "chunk_index": 458
}