{
  "headings": [
    "PROJECT SAFETY PLAN"
  ],
  "page_numbers": [
    225
  ],
  "text": "PROJECT ADDRESS:",
  "bboxes": [
    [
      43.2,
      615.4477276595744,
      130.062,
      623.7719999999999
    ]
  ],
  "chunk_index": 739
}