{
  "headings": [
    "Project Leadership [Name, Contact Info]"
  ],
  "page_numbers": [
    225
  ],
  "text": "James Berry - (303) 923-0926  james.berry@greystar.com",
  "bboxes": [
    [
      161.45999999999998,
      493.398,
      472.27200000000005,
      506.79
    ]
  ],
  "chunk_index": 747
}