{
  "headings": [
    "Safety Limiters"
  ],
  "page_numbers": [
    214
  ],
  "text": "- o Normal and final terminal stopping devices shall be provided",
  "bboxes": [
    [
      48.36,
      195.84497864838397,
      341.28888,
      205.77168000000006
    ]
  ],
  "chunk_index": 602
}