{
  "headings": [
    "Scaffolding"
  ],
  "page_numbers": [
    197
  ],
  "text": "15. If tarps, wind screens or plastic are to be affixed to scaffolding an engineer must approve the scaffold for such wind loading.",
  "bboxes": [
    [
      43.21991999999983,
      162.87548527659578,
      553.1878560000002,
      187.08744000000002
    ]
  ],
  "chunk_index": 351
}