{
  "headings": [
    "Cooperation"
  ],
  "page_numbers": [
    124
  ],
  "text": "The Enrolled Parties will:",
  "bboxes": [
    [
      72.024,
      478.8050329281768,
      196.16912,
      488.70712000000003
    ]
  ],
  "chunk_index": 1931
}