{
  "headings": [
    "Follow Up Requirement:"
  ],
  "page_numbers": [
    218
  ],
  "text": "- o Potential 4 Incidents\n- The Regional Safety Manager will set up the 72 hour follow up conference call with all applicable party's",
  "bboxes": [
    [
      48.0,
      411.12497864838394,
      159.48456000000002,
      421.05168
    ],
    [
      66.0,
      396.8394852765957,
      531.84912,
      406.05168
    ]
  ],
  "chunk_index": 645
}