{
  "headings": [
    "E.1 SAFETY REQUIREMENTS:"
  ],
  "page_numbers": [
    55
  ],
  "text": "- Tools, Machinery and Equipment.\n- Training for Specific Work.",
  "bboxes": [
    [
      90.024,
      89.44799999999998,
      275.33,
      99.77999999999997
    ],
    [
      90.024,
      74.80799999999999,
      244.85,
      85.13999999999999
    ]
  ],
  "chunk_index": 1247
}