{
  "headings": [
    "10681 Peoria Parkway, Commerce City, Colorado, 80022"
  ],
  "page_numbers": [
    87
  ],
  "text": "DATED: ___________, 202___.",
  "bboxes": [
    [
      21.6,
      250.87400000000002,
      182.66,
      261.2059999999999
    ]
  ],
  "chunk_index": 1663
}