{
  "headings": [
    "SILICA HAZARD ASSESSMENT"
  ],
  "page_numbers": [
    224
  ],
  "text": "Operation:",
  "bboxes": [
    [
      43.2,
      543.2820345293073,
      97.02384,
      553.05168
    ]
  ],
  "chunk_index": 696
}