{
  "headings": [
    "CALIFORNIA Dial-A-Forecast"
  ],
  "page_numbers": [
    236
  ],
  "text": "- o Hanford 559-584-8047",
  "bboxes": [
    [
      38.16,
      195.36497864838395,
      160.21212,
      205.29168000000004
    ]
  ],
  "chunk_index": 888
}