{
  "headings": [
    "SILICA HAZARD ASSESSMENT"
  ],
  "page_numbers": [
    224
  ],
  "text": "Contractor verifies no work disturbing silica-containing materials.",
  "bboxes": [
    [
      43.19999999999999,
      528.8397252765957,
      333.26508000000007,
      538.05192
    ]
  ],
  "chunk_index": 698
}