{
  "headings": [
    "Subcontractor"
  ],
  "page_numbers": [
    189
  ],
  "text": "- o Inclement weather plan GS/Subcontractors\n- o Framing plan review - verify if bracing plan accounts for wind loading due to sheathing",
  "bboxes": [
    [
      297.96,
      622.084978648384,
      510.01068000000004,
      632.0116800000001
    ],
    [
      297.96,
      589.7994852765958,
      512.172,
      614.0116800000001
    ]
  ],
  "chunk_index": 235
}