{
  "headings": [
    "Medical Treatment and Incident Reporting"
  ],
  "page_numbers": [
    188
  ],
  "text": "9. A significant 'near miss'\n10. Incidents will be investigated per the Incident Severity Matrix. See Appendix",
  "bboxes": [
    [
      43.2,
      712.582310700742,
      173.64612,
      722.0116800000001
    ],
    [
      43.199999999999974,
      694.5845907007421,
      407.17824,
      704.0139600000001
    ]
  ],
  "chunk_index": 189
}