{
  "headings": [
    "Notice of Subcontract"
  ],
  "page_numbers": [
    131
  ],
  "text": "Copyright © 2022 Marsh LLC. All rights reserved.",
  "bboxes": [
    [
      72.024,
      450.69425988950275,
      217.02488,
      456.93688000000003
    ]
  ],
  "chunk_index": 1993
}