{
  "headings": [
    "Thunderstorms and Lightning"
  ],
  "page_numbers": [
    207
  ],
  "text": "30 seconds after a flash",
  "bboxes": [
    [
      195.12,
      706.3194852765957,
      302.52864000000005,
      715.53168
    ]
  ],
  "chunk_index": 516
}