{
  "headings": [
    "Project Leadership [Name, Contact Info]"
  ],
  "page_numbers": [
    225
  ],
  "text": "Philip Treacy -  (713) 253-1421 -  ptreacy@greystar.com",
  "bboxes": [
    [
      161.45999999999998,
      531.318,
      461.5800000000001,
      544.71
    ]
  ],
  "chunk_index": 748
}