{
  "headings": [
    "Material:"
  ],
  "page_numbers": [
    224
  ],
  "text": "(Describe the work, activities that may generate respirable crystalline silica)",
  "bboxes": [
    [
      149.64252000000002,
      165.35816527659574,
      479.47190400000005,
      174.57035999999994
    ]
  ],
  "chunk_index": 735
}