{
  "headings": [
    "PAYMENTS"
  ],
  "page_numbers": [
    7
  ],
  "text": "- (e) The amount paid to date;\n- (f) The amount retained to date;",
  "bboxes": [
    [
      118.80000000000001,
      316.81564687499997,
      266.1934454999998,
      322.41164249999997
    ],
    [
      118.80000000000001,
      292.040146875,
      285.13458449999985,
      297.63614249999995
    ]
  ],
  "chunk_index": 59
}