{
  "headings": [
    "Excavations"
  ],
  "page_numbers": [
    199
  ],
  "text": "8. Trenches or excavations more than 20 foot deep must be designed by a Registered Professional Engineer.",
  "bboxes": [
    [
      43.18008000000003,
      214.59923070074194,
      538.3116,
      224.02859999999998
    ]
  ],
  "chunk_index": 386
}