{
  "headings": [
    "Signs, Signals, and Barricades"
  ],
  "page_numbers": [
    194
  ],
  "text": "4. Where power poles or transformers exist on a project, they must be protected by barriers or barricades.",
  "bboxes": [
    [
      43.19999999999996,
      567.6298707007421,
      525.6125999999998,
      577.0592400000002
    ]
  ],
  "chunk_index": 303
}