{
  "headings": [
    "CONTRACTOR:"
  ],
  "page_numbers": [
    26
  ],
  "text": "Title",
  "bboxes": [
    [
      352.848,
      135.93664687500006,
      375.23198249999996,
      141.53264250000007
    ]
  ],
  "chunk_index": 1065
}