{
  "headings": [
    "Objective"
  ],
  "page_numbers": [
    205
  ],
  "text": "Best practices are checking the weather in the morning, @ lunch and before leaving the project.",
  "bboxes": [
    [
      43.200000000000045,
      230.39084527659566,
      474.9660000000001,
      239.60303999999996
    ]
  ],
  "chunk_index": 496
}