{
  "headings": [
    "Cranes"
  ],
  "page_numbers": [
    204
  ],
  "text": "- o Cranes must be erected per manufacturer's specifications",
  "bboxes": [
    [
      49.08,
      450.844978648384,
      325.81092000000007,
      460.77168
    ]
  ],
  "chunk_index": 469
}