{
  "headings": [
    "Fire Watch Signoff"
  ],
  "page_numbers": [
    228
  ],
  "text": "Signed:",
  "bboxes": [
    [
      24.96,
      143.9677276595744,
      63.46200000000001,
      152.29199999999992
    ]
  ],
  "chunk_index": 783
}