{
  "headings": [
    "Subcontractor"
  ],
  "page_numbers": [
    189
  ],
  "text": "- o Milestone schedule review\n- o Incident reporting, investigations",
  "bboxes": [
    [
      48.6,
      280.56497864838394,
      187.5642,
      290.49168
    ],
    [
      48.6,
      265.5649786483839,
      216.36852000000002,
      275.49168
    ]
  ],
  "chunk_index": 221
}