{
  "headings": [
    "Step One: Assess the Situation"
  ],
  "page_numbers": [
    217
  ],
  "text": "- o Executive leadership appoints spokesperson.\n- Notify Risk",
  "bboxes": [
    [
      205.2,
      429.8922734573947,
      429.72828000000004,
      440.73168
    ],
    [
      169.2,
      414.8394852765957,
      240.12515999999997,
      424.05168
    ]
  ],
  "chunk_index": 630
}