{
  "headings": [
    "Subcontractor Safety Representation"
  ],
  "page_numbers": [
    187
  ],
  "text": "2. Capable of instructing workers in hazard recognition and safe work practices.",
  "bboxes": [
    [
      43.19004000000001,
      603.625310700742,
      406.5607200000001,
      613.0546800000001
    ]
  ],
  "chunk_index": 170
}