{
  "headings": [
    "UNCONDITIONAL WAIVER AND RELEASE OF LIEN UPON FINAL PAYMENT"
  ],
  "page_numbers": [
    89
  ],
  "text": "Job Number: c20-849",
  "bboxes": [
    [
      21.6,
      631.9240000000001,
      129.26,
      642.2560000000001
    ]
  ],
  "chunk_index": 1677
}