{
  "headings": [
    "Record keeping"
  ],
  "page_numbers": [
    225
  ],
  "text": "continued",
  "bboxes": [
    [
      532.92,
      74.33597004255319,
      568.784832,
      81.77232000000004
    ]
  ],
  "chunk_index": 760
}