{
  "headings": [
    "Tools, Hand, and Power"
  ],
  "page_numbers": [
    195
  ],
  "text": "The manufacturer's rules and guidelines must be followed for safe operations of tools.",
  "bboxes": [
    [
      43.2,
      679.7994852765958,
      424.09031999999996,
      689.0116800000001
    ]
  ],
  "chunk_index": 315
}