{
  "headings": [
    "Steel Erection"
  ],
  "page_numbers": [
    200
  ],
  "text": "2. Trades other than Ironworkers are not allowed to work under steel erection activities.",
  "bboxes": [
    [
      43.200000000000045,
      399.6253107007419,
      441.9685200000001,
      409.05467999999996
    ]
  ],
  "chunk_index": 399
}