{
  "headings": [
    "Cranes"
  ],
  "page_numbers": [
    203
  ],
  "text": "22. Cranes that have been shock-loaded or damaged must be taken out of service until repairs and re- certifications have been completed.",
  "bboxes": [
    [
      43.37928000000011,
      277.83632527659586,
      562.4974680000004,
      302.0482800000001
    ]
  ],
  "chunk_index": 454
}