{
  "headings": [
    "Procedures for Handling a Sick Team Member:"
  ],
  "page_numbers": [
    240
  ],
  "text": "DRIVING SAFETY + DELIVERING QUALITY",
  "bboxes": [
    [
      12.63350698900525,
      758.6666666333333,
      116.3612556801047,
      763.9999999666667
    ]
  ],
  "chunk_index": 939
}