{
  "headings": [
    "Using Textura will provide:"
  ],
  "page_numbers": [
    2
  ],
  "text": "- Automatic generation of AIA G702/703 payment application forms",
  "bboxes": [
    [
      59.4,
      467.82807663551404,
      378.47704,
      477.16071999999997
    ]
  ],
  "chunk_index": 18
}