{
  "headings": [
    "RECORDKEEPING"
  ],
  "page_numbers": [
    234
  ],
  "text": "We maintain the following records to implement and maintain our IIPP:",
  "bboxes": [
    [
      24.955319999999972,
      289.20632527659575,
      343.92432,
      298.41852
    ]
  ],
  "chunk_index": 860
}