{
  "headings": [
    "Cranes"
  ],
  "page_numbers": [
    204
  ],
  "text": "- o Building structural engineer - Engineer of Record",
  "bboxes": [
    [
      80.28,
      674.9322734573948,
      319.09092000000004,
      685.7716800000001
    ]
  ],
  "chunk_index": 459
}