{
  "headings": [
    "CONTRACTOR:"
  ],
  "page_numbers": [
    26
  ],
  "text": "Daniel McLaughlin",
  "bboxes": [
    [
      104.55075000000001,
      203.48839687500003,
      195.01063799999997,
      209.08439249999992
    ]
  ],
  "chunk_index": 1058
}