{
  "headings": [
    "Coverage Limits"
  ],
  "page_numbers": [
    120
  ],
  "text": "Insurer:  1. Canopius CNP: Canopius Managing Agents Limited Syndicate 4444",
  "bboxes": [
    [
      110.9,
      518.302794519337,
      501.16912,
      528.1871199999999
    ]
  ],
  "chunk_index": 1897
}