{
  "headings": [
    "This manual:"
  ],
  "page_numbers": [
    111
  ],
  "text": "This manual does not:",
  "bboxes": [
    [
      72.024,
      97.8790329281768,
      183.32912,
      107.78111999999999
    ]
  ],
  "chunk_index": 1838
}