{
  "headings": [
    "TRAINING AND INSTRUCTION"
  ],
  "page_numbers": [
    233
  ],
  "text": "- o Provisions for medical services and first aid, including emergency  procedures.",
  "bboxes": [
    [
      38.16,
      214.444978648384,
      402.96720000000005,
      224.37167999999997
    ]
  ],
  "chunk_index": 846
}