{
  "headings": [
    "Site Logistics Planning"
  ],
  "page_numbers": [
    190
  ],
  "text": "5. The plan must be reviewed with all workers on site at the safety orientation.",
  "bboxes": [
    [
      43.18007999999996,
      381.6271107007419,
      400.30584,
      391.05647999999997
    ]
  ],
  "chunk_index": 251
}