{
  "headings": [
    "Coverage Limits"
  ],
  "page_numbers": [
    120
  ],
  "text": "2. QBE QPS: QBE Syndicate 5555",
  "bboxes": [
    [
      110.9,
      500.542794519337,
      326.75912,
      510.42712
    ]
  ],
  "chunk_index": 1898
}