{
  "headings": [
    "911 Caller"
  ],
  "page_numbers": [
    222
  ],
  "text": "The person appointed to call 911 will be responsible for relaying the following information to the operator:",
  "bboxes": [
    [
      43.20156000000003,
      496.6822452765957,
      521.7696,
      505.89444
    ]
  ],
  "chunk_index": 667
}