{
  "headings": [
    "911 Caller will also:"
  ],
  "page_numbers": [
    222
  ],
  "text": "- o Will communicate the situation to Project Contact.",
  "bboxes": [
    [
      48.0,
      350.88497864838394,
      292.92864000000003,
      360.81167999999997
    ]
  ],
  "chunk_index": 672
}