{
  "headings": [
    "Subcontractor"
  ],
  "page_numbers": [
    189
  ],
  "text": "- o Occupational medical clinic and ER location",
  "bboxes": [
    [
      297.96,
      676.084978648384,
      513.9648,
      686.0116800000001
    ]
  ],
  "chunk_index": 233
}