{
  "headings": [
    "SILICA HAZARD ASSESSMENT"
  ],
  "page_numbers": [
    224
  ],
  "text": "- [ ]  Sanding",
  "bboxes": [
    [
      169.32,
      511.6477276595745,
      219.09900000000002,
      520.932
    ]
  ],
  "chunk_index": 700
}