{
  "headings": [
    "Informal/Formal Conferences"
  ],
  "page_numbers": [
    213
  ],
  "text": "- o Citations alleged and proposed abatement dates",
  "bboxes": [
    [
      349.18116000000003,
      432.88112527659604,
      554.9677080000001,
      457.09308000000027
    ]
  ],
  "chunk_index": 590
}