{
  "headings": [
    "Cranes"
  ],
  "page_numbers": [
    202
  ],
  "text": "27. o Exploration of underground utilities\n28. o Tower crane foundations",
  "bboxes": [
    [
      270.72,
      312.12497864838394,
      450.0122400000001,
      322.05168
    ],
    [
      270.72,
      297.12497864838394,
      402.00504000000006,
      307.05168
    ]
  ],
  "chunk_index": 437
}