{
  "headings": [
    "Cranes"
  ],
  "page_numbers": [
    202
  ],
  "text": "The crane supplier must submit a plan that meets or exceed the following:",
  "bboxes": [
    [
      43.201440000000176,
      529.8014052765955,
      377.1702000000002,
      539.0135999999998
    ]
  ],
  "chunk_index": 419
}