{
  "headings": [
    "Clash Resolution:"
  ],
  "page_numbers": [
    80
  ],
  "text": "- iv. Fire Sprinklers",
  "bboxes": [
    [
      147.62,
      632.29,
      212.10703999999998,
      640.3299999999999
    ]
  ],
  "chunk_index": 1559
}