{
  "headings": [
    "I. OTHER DOCUMENTS"
  ],
  "page_numbers": [
    34
  ],
  "text": "- GCS Birchway Commerce City Schedule -Remaining Work - Updated November 17, 2025\n- Exhibit 1- Phasing Plan",
  "bboxes": [
    [
      103.58,
      456.18747535911604,
      527.98888,
      465.12088
    ],
    [
      103.58,
      443.10747535911605,
      230.57888,
      452.04088
    ]
  ],
  "chunk_index": 1175
}