{
  "headings": [
    "JOINT CHECK AGREEMENT"
  ],
  "page_numbers": [
    70
  ],
  "text": "Phone #:",
  "bboxes": [
    [
      72.024,
      73.96799999999996,
      120.26,
      84.29999999999995
    ]
  ],
  "chunk_index": 1424
}