{
  "headings": [
    "b. Minimum Coverages Required."
  ],
  "page_numbers": [
    100
  ],
  "text": "1. For  general  contractors,  $25,000,000  per  occurrence  and  in  the aggregate.",
  "bboxes": [
    [
      198.05,
      142.12400000000002,
      542.9499999999997,
      166.25599999999997
    ]
  ],
  "chunk_index": 1773
}