{
  "headings": [
    "Subcontractor"
  ],
  "page_numbers": [
    189
  ],
  "text": "- o Confined space plan\n- o Third-Party safety consultant inspection frequency",
  "bboxes": [
    [
      297.96,
      658.084978648384,
      410.64972,
      668.0116800000001
    ],
    [
      297.96,
      640.084978648384,
      540.9663599999999,
      650.0116800000001
    ]
  ],
  "chunk_index": 234
}