{
  "headings": [
    "GSC Birchway Commerce City Project No. c20-849 10681 Peoria Parkway, Commerce City, Colorado 80022"
  ],
  "page_numbers": [
    92
  ],
  "text": "Company Name:",
  "bboxes": [
    [
      331.63,
      173.72528,
      412.03,
      183.23072000000002
    ]
  ],
  "chunk_index": 1707
}