{
  "headings": [
    "GSC Birchway Commerce City Project No. c20-849 10681 Peoria Parkway, Commerce City, Colorado 80022"
  ],
  "page_numbers": [
    92
  ],
  "text": "DATED:",
  "bboxes": [
    [
      71.184,
      242.27528000000007,
      117.02000000000001,
      251.78071999999997
    ]
  ],
  "chunk_index": 1705
}