{
  "headings": [
    "PAYMENTS"
  ],
  "page_numbers": [
    9
  ],
  "text": "- (f) Reasonable doubt by Contractor that the Work can be completed in accordance with the Progress Schedule;",
  "bboxes": [
    [
      118.80000000000001,
      465.470896875,
      539.9869155000001,
      483.45464250000003
    ]
  ],
  "chunk_index": 79
}