{
  "headings": [
    "Site Logistics Planning"
  ],
  "page_numbers": [
    190
  ],
  "text": "7. o Catering truck access and egress\n8. o Muster points",
  "bboxes": [
    [
      62.02439999999994,
      524.228713457395,
      221.87243999999995,
      535.0681200000002
    ],
    [
      62.02439999999993,
      506.2309934573949,
      139.67255999999995,
      517.0704000000002
    ]
  ],
  "chunk_index": 242
}