{
  "headings": [
    "Closing Conference"
  ],
  "page_numbers": [
    213
  ],
  "text": "7. o Industrial hygiene measurements taken such as air sampling for toxic substances and preliminary results if available",
  "bboxes": [
    [
      61.18775999999993,
      408.85760527659585,
      317.6069639999995,
      448.06932000000006
    ]
  ],
  "chunk_index": 581
}