{
  "headings": [
    "SAFETY MANUAL As of. February 2025"
  ],
  "page_numbers": [
    238
  ],
  "text": "4. Click or tap here to enter text.",
  "bboxes": [
    [
      43.19999999999999,
      489.389630700742,
      198.36683999999997,
      498.819
    ]
  ],
  "chunk_index": 915
}