{
  "headings": [
    "Site Logistics Planning"
  ],
  "page_numbers": [
    190
  ],
  "text": "3. o Eating areas",
  "bboxes": [
    [
      62.03435999999999,
      596.2195934573948,
      133.19856,
      607.0590000000001
    ]
  ],
  "chunk_index": 239
}