{
  "headings": [
    "UNCONDITIONAL WAIVER AND RELEASE OF LIEN UPON FINAL PAYMENT"
  ],
  "page_numbers": [
    94
  ],
  "text": "Title:",
  "bboxes": [
    [
      324.17,
      112.00400000000002,
      356.23,
      122.33600000000001
    ]
  ],
  "chunk_index": 1723
}