{
  "headings": [
    "Procedures for Acclimatization:"
  ],
  "page_numbers": [
    239
  ],
  "text": "SAFETY MANUAL As of. February 2025",
  "bboxes": [
    [
      38.18750805016972,
      749.5730337147953,
      243.33429713503372,
      759.5168539395145
    ]
  ],
  "chunk_index": 926
}