{
  "headings": [
    "Cranes"
  ],
  "page_numbers": [
    203
  ],
  "text": "11. The swing radius of the crane's counterweights must be barricaded, flagged, or marked with traffic cones.",
  "bboxes": [
    [
      43.249800000000164,
      580.592390700742,
      532.8535200000002,
      590.0217600000001
    ]
  ],
  "chunk_index": 443
}