{
  "headings": [
    "5. BIM COORDINATION:"
  ],
  "page_numbers": [
    78
  ],
  "text": "- 5.8 Following modeling and coordination procedures outlined by MB BIM.",
  "bboxes": [
    [
      63.024,
      89.59903292817683,
      431.29912,
      99.50112000000001
    ]
  ],
  "chunk_index": 1526
}