{
  "headings": [
    "Contacts:"
  ],
  "page_numbers": [
    128
  ],
  "text": "- Marsh Builder's Risk Advocate: Jeffrey Fischer Jeffrey.fischer@marsh.com\n- Risk Portal/Data Contact: Ethan Rubino Ethan.Rubino@greystar.com",
  "bboxes": [
    [
      72.024,
      603.3950329281768,
      460.69912,
      613.29712
    ],
    [
      72.024,
      584.0750329281768,
      435.13912,
      593.97712
    ]
  ],
  "chunk_index": 1975
}