{
  "headings": [
    "Subcontractor"
  ],
  "page_numbers": [
    189
  ],
  "text": "- o Pre-Task Planning requirements\n- o Work hours and Parking",
  "bboxes": [
    [
      48.6,
      220.56497864838389,
      210.48216,
      230.49167999999997
    ],
    [
      48.6,
      205.56497864838389,
      175.8114,
      215.49167999999997
    ]
  ],
  "chunk_index": 223
}