{
  "headings": [
    "Material:"
  ],
  "page_numbers": [
    224
  ],
  "text": "- [ ]  Stone",
  "bboxes": [
    [
      432.0,
      369.44772765957447,
      472.18769999999995,
      378.73199999999997
    ]
  ],
  "chunk_index": 716
}