{
  "headings": [
    "Cranes"
  ],
  "page_numbers": [
    202
  ],
  "text": "12. o Erection processes\n13. o Engineered crane configuration plans",
  "bboxes": [
    [
      48.6,
      297.12497864838394,
      153.13248000000002,
      307.05168
    ],
    [
      48.6,
      282.12497864838394,
      236.40804,
      292.05168
    ]
  ],
  "chunk_index": 427
}