{
  "headings": [
    "Project Hazard Assessment"
  ],
  "page_numbers": [
    225
  ],
  "text": "1. Take photos/video of existing conditions, ie: Curbs and street conditions",
  "bboxes": [
    [
      43.20156,
      374.6683107007419,
      387.84744000000006,
      384.09767999999997
    ]
  ],
  "chunk_index": 752
}