{
  "headings": [
    "GSC Birchway Commerce City Project No. c20-849"
  ],
  "page_numbers": [
    91
  ],
  "text": "10681 Peoria Parkway, Commerce City, Colorado 80022",
  "bboxes": [
    [
      198.29,
      520.7953527272726,
      440.44,
      529.17292
    ]
  ],
  "chunk_index": 1692
}