{
  "headings": [
    "Step Two (Lock Down Site) - Senior Person/Superintendent On-Site"
  ],
  "page_numbers": [
    217
  ],
  "text": "- o Select a temporary spokesperson.\n- o Advise the team administrator and receptionist how to route calls.\n- o Establish a command center.",
  "bboxes": [
    [
      79.2,
      170.95950553043485,
      254.16732000000002,
      180.45168
    ],
    [
      79.2,
      154.3995055304348,
      393.36828,
      163.89167999999995
    ],
    [
      79.2,
      137.71950553043484,
      227.52432000000002,
      147.21168
    ]
  ],
  "chunk_index": 639
}