{
  "headings": [
    "Scaffolding"
  ],
  "page_numbers": [
    197
  ],
  "text": "7. Workers are not allowed to stand on the rails of a scissor lift or boom lift. Adding planks or devices for additional height is also prohibited.",
  "bboxes": [
    [
      43.190039999999954,
      396.85580527659573,
      564.7563960000004,
      421.06775999999996
    ]
  ],
  "chunk_index": 344
}