{
  "headings": [
    "GS Mountain Team Leader"
  ],
  "page_numbers": [
    211
  ],
  "text": "3. East Region - Charles Remmert\n4. Regional Safety Managers to notify:",
  "bboxes": [
    [
      43.19003999999998,
      361.59143070074185,
      209.87063999999998,
      371.0207999999999
    ],
    [
      43.180079999999975,
      343.59371070074184,
      225.46799999999996,
      353.0230799999999
    ]
  ],
  "chunk_index": 556
}