{
  "headings": [
    "Medical Treatment and Incident Reporting"
  ],
  "page_numbers": [
    187
  ],
  "text": "7. An auto or equipment accident that involves a member of the public",
  "bboxes": [
    [
      43.20995999999985,
      98.55767070074194,
      369.26051999999993,
      107.98703999999998
    ]
  ],
  "chunk_index": 187
}