{
  "headings": [
    "Inspection requirements"
  ],
  "page_numbers": [
    212
  ],
  "text": "8. o Serve as the primary contact with the Compliance Officer for GS Mountain",
  "bboxes": [
    [
      79.18547999999996,
      479.22919345739484,
      434.26944,
      490.0686000000001
    ]
  ],
  "chunk_index": 568
}