{
  "headings": [
    "Subcontractor"
  ],
  "page_numbers": [
    189
  ],
  "text": "- o Equipment use, staging areas, training, etc.",
  "bboxes": [
    [
      48.6,
      146.27948527659578,
      243.59019599999957,
      170.49167999999997
    ]
  ],
  "chunk_index": 225
}