{
  "headings": [
    "CALIFORNIA Dial-A-Forecast"
  ],
  "page_numbers": [
    236
  ],
  "text": "- o Los Angeles 805-988-6610 (#1)",
  "bboxes": [
    [
      38.16,
      177.36497864838395,
      197.41272,
      187.29168000000004
    ]
  ],
  "chunk_index": 889
}