{
  "headings": [
    "COMPLIANCE"
  ],
  "page_numbers": [
    231
  ],
  "text": "3. Recognizing employees who perform safe and healthful work practices.",
  "bboxes": [
    [
      24.999840000000063,
      390.62879070074183,
      363.0422400000001,
      400.0581599999999
    ]
  ],
  "chunk_index": 801
}