{
  "headings": [
    "Inspection requirements"
  ],
  "page_numbers": [
    212
  ],
  "text": "The following procedure will help during an OSHA visit:",
  "bboxes": [
    [
      43.2,
      676.7994852765958,
      294.1322400000001,
      686.0116800000001
    ]
  ],
  "chunk_index": 561
}