{
  "headings": [
    "Request for Taxpayer Identification Number and Certification"
  ],
  "page_numbers": [
    242
  ],
  "text": "- 7 List account number(s) here (optional)",
  "bboxes": [
    [
      61.6,
      458.8465175781251,
      191.1349999999999,
      464.96801757812506
    ]
  ],
  "chunk_index": 985
}