{
  "headings": [
    "Form W-9"
  ],
  "page_numbers": [
    242
  ],
  "text": "Department of the Treasury Internal Revenue Service",
  "bboxes": [
    [
      36.0,
      709.847517578125,
      123.03421999999999,
      724.3690175781251
    ]
  ],
  "chunk_index": 960
}