{
  "headings": [
    "Concrete and Masonry"
  ],
  "page_numbers": [
    200
  ],
  "text": "2. Employees assigned to mixing dry cement base products must be protected from the inhalation of dusts.",
  "bboxes": [
    [
      43.19999999999993,
      673.5845907007421,
      532.80372,
      683.0139600000001
    ]
  ],
  "chunk_index": 392
}