{
  "headings": [
    "Notice of Subcontract"
  ],
  "page_numbers": [
    131
  ],
  "text": "MARSH | I",
  "bboxes": [
    [
      502.42,
      35.50581745856357,
      542.3351200000001,
      42.71712000000002
    ]
  ],
  "chunk_index": 1995
}