{
  "headings": [
    "Objective"
  ],
  "page_numbers": [
    205
  ],
  "text": "- o Morning",
  "bboxes": [
    [
      46.08,
      199.56497864838389,
      104.64707999999999,
      209.49167999999997
    ]
  ],
  "chunk_index": 497
}