{
  "headings": [
    "Cranes"
  ],
  "page_numbers": [
    202
  ],
  "text": "23. o Critical lifts\n24. o Rigging operations",
  "bboxes": [
    [
      270.72,
      372.12497864838394,
      340.4522400000001,
      382.05168
    ],
    [
      270.72,
      357.12497864838394,
      376.44768000000005,
      367.05168
    ]
  ],
  "chunk_index": 435
}