{
  "headings": [
    "Site Logistics Planning"
  ],
  "page_numbers": [
    190
  ],
  "text": "19. o Signage",
  "bboxes": [
    [
      314.00016000000016,
      470.2282334573948,
      364.0491600000002,
      481.0676400000001
    ]
  ],
  "chunk_index": 248
}