{
  "headings": [
    "CONTRACTOR:"
  ],
  "page_numbers": [
    26
  ],
  "text": "Hank Vu",
  "bboxes": [
    [
      413.13,
      205.16100000000006,
      447.627,
      215.20500000000004
    ]
  ],
  "chunk_index": 1068
}