{
  "headings": [
    "Included in this Contract Package are the following:"
  ],
  "page_numbers": [
    2
  ],
  "text": "Redefining Excellence in Apartment Living.",
  "bboxes": [
    [
      30.194771050729155,
      761.1176470588235,
      186.49709332194516,
      771.8161766809576
    ]
  ],
  "chunk_index": 14
}