{
  "headings": [
    "TERMINATION AND DEFAULT"
  ],
  "page_numbers": [
    22
  ],
  "text": "- (a) cease operations as directed by Contractor in the notice;",
  "bboxes": [
    [
      118.80000000000001,
      168.1611468750001,
      418.9545015,
      173.7571425
    ]
  ],
  "chunk_index": 1015
}