{
  "headings": [
    "SILICA HAZARD ASSESSMENT"
  ],
  "page_numbers": [
    224
  ],
  "text": "- [ ]  Other:",
  "bboxes": [
    [
      295.56,
      464.7277276595745,
      338.49899999999997,
      474.012
    ]
  ],
  "chunk_index": 709
}