{
  "headings": [
    "Coverage Limits"
  ],
  "page_numbers": [
    120
  ],
  "text": "$5,000,000 po $27,000,000 xs $73,000,000",
  "bboxes": [
    [
      326.93,
      666.457475359116,
      522.8841999999999,
      675.39088
    ]
  ],
  "chunk_index": 1890
}