{
  "headings": [
    "2. STAGING AND LOGISTICS"
  ],
  "page_numbers": [
    74
  ],
  "text": "- 2.4 TOBACCO: GS Construction Mountain, LLC construction sites are 'smoke free'. The use of",
  "bboxes": [
    [
      63.024,
      81.55903292817675,
      538.7703199999994,
      91.46112000000005
    ]
  ],
  "chunk_index": 1475
}