{
  "headings": [
    "CONTRACTOR:"
  ],
  "page_numbers": [
    26
  ],
  "text": "(713) 934-7887 ext. 4126",
  "bboxes": [
    [
      354.4485,
      282.42814687500004,
      484.0006110000005,
      288.02414250000004
    ]
  ],
  "chunk_index": 1053
}