{
  "headings": [
    "HAZARD ASSESSMENT"
  ],
  "page_numbers": [
    232
  ],
  "text": "- o Whenever workplace conditions warrant an inspection.",
  "bboxes": [
    [
      38.16,
      359.4049786483839,
      302.1720000000001,
      369.33167999999995
    ]
  ],
  "chunk_index": 818
}