{
  "headings": [
    "Cranes"
  ],
  "page_numbers": [
    202
  ],
  "text": "3. o Weight of loads to be hoisted",
  "bboxes": [
    [
      48.6,
      432.12497864838394,
      202.44444000000001,
      442.05168
    ]
  ],
  "chunk_index": 422
}