{
  "headings": [
    "Fall Protection"
  ],
  "page_numbers": [
    198
  ],
  "text": "2. o The use of ladders when no additional fall hazard is present.",
  "bboxes": [
    [
      61.19772000000012,
      632.2150334573948,
      342.3585600000002,
      643.0544400000001
    ]
  ],
  "chunk_index": 354
}