{
  "headings": [
    "COMPLIANCE"
  ],
  "page_numbers": [
    231
  ],
  "text": "2. Evaluating the safety performance of all workers.",
  "bboxes": [
    [
      24.999840000000063,
      408.62651070074185,
      262.3665600000001,
      418.0558799999999
    ]
  ],
  "chunk_index": 800
}