{
  "headings": [
    "CONTRACTOR:"
  ],
  "page_numbers": [
    26
  ],
  "text": "ProcoreSubcontractorPrintHere",
  "bboxes": [
    [
      352.848,
      203.48839687500003,
      506.21402850000044,
      209.08439249999992
    ]
  ],
  "chunk_index": 1059
}