{
  "headings": [
    "Objective"
  ],
  "page_numbers": [
    205
  ],
  "text": "- o Noon\n- o At the end of the day",
  "bboxes": [
    [
      46.08,
      184.56497864838389,
      92.04767999999999,
      194.49167999999997
    ],
    [
      46.08,
      169.56497864838389,
      162.00888,
      179.49167999999997
    ]
  ],
  "chunk_index": 498
}