{
  "headings": [
    "Record keeping"
  ],
  "page_numbers": [
    225
  ],
  "text": "- o PTP's\n- o Weekly GS Mountain Safety Inspections",
  "bboxes": [
    [
      48.0,
      199.20497864838399,
      92.892,
      209.13167999999996
    ],
    [
      48.0,
      181.20497864838399,
      248.89548,
      191.13167999999996
    ]
  ],
  "chunk_index": 757
}