{
  "headings": [
    "Step Two (Lock Down Site) - Senior Person/Superintendent On-Site"
  ],
  "page_numbers": [
    217
  ],
  "text": "- o Initiate site control\n-  Appoint staff members to be stationed at all gates.",
  "bboxes": [
    [
      79.2,
      317.95950553043474,
      182.52504000000002,
      327.45167999999995
    ],
    [
      133.2,
      301.55948527659575,
      383.88324000000006,
      311.22984
    ]
  ],
  "chunk_index": 632
}