{
  "headings": [
    "General Rules"
  ],
  "page_numbers": [
    209
  ],
  "text": "8. Site specific smoking and tobacco use rules must be followed.",
  "bboxes": [
    [
      43.19999999999993,
      490.59947070074196,
      340.8048,
      500.02884
    ]
  ],
  "chunk_index": 537
}