{
  "headings": [
    "Other Details"
  ],
  "page_numbers": [
    128
  ],
  "text": "- The OCIP Administrator will provide period loss runs upon request.",
  "bboxes": [
    [
      72.024,
      390.2450329281768,
      418.45912,
      400.14712000000003
    ]
  ],
  "chunk_index": 1978
}