{
  "headings": [
    "Clash Resolution:"
  ],
  "page_numbers": [
    80
  ],
  "text": "3. Domestic Hot/Cold",
  "bboxes": [
    [
      110.06,
      475.18,
      191.67704,
      483.21999999999997
    ]
  ],
  "chunk_index": 1576
}