{
  "headings": [
    "5. GENERAL"
  ],
  "page_numbers": [
    28
  ],
  "text": "- 5.8.1.3.  A copy of rigger/signal person certifications;",
  "bboxes": [
    [
      129.59925,
      708.600375,
      365.958306,
      714.1001249999999
    ]
  ],
  "chunk_index": 347
}