{
  "headings": [
    "8. Professional Liability (E&O)."
  ],
  "page_numbers": [
    22
  ],
  "text": "- Asbestos or lead\n- Contractual assumption of liability",
  "bboxes": [
    [
      180.0,
      512.46055425,
      264.09834749999993,
      521.46032925
    ],
    [
      180.0,
      501.66055425,
      337.16652074999973,
      510.66032925
    ]
  ],
  "chunk_index": 273
}