{
  "headings": [
    "7. TASK HAZARD ANALYSIS (THA)"
  ],
  "page_numbers": [
    29
  ],
  "text": "- 7.4. All THA forms shall be turned into the Arch-Con superintendent daily.",
  "bboxes": [
    [
      64.80000000000001,
      642.600375,
      399.74592000000024,
      648.1001249999999
    ]
  ],
  "chunk_index": 374
}