{
  "headings": [
    "Subcontract 2507007-1"
  ],
  "page_numbers": [
    4
  ],
  "text": "1. Exhibit 'A' - Standard Terms and Conditions",
  "bboxes": [
    [
      181.32750000000001,
      491.87839687499996,
      351.7336410000001,
      495.9481425
    ]
  ],
  "chunk_index": 89
}