{
  "headings": [
    "6. CLOTHING AND PERSONAL PROTECTIVE EQUIPMENT"
  ],
  "page_numbers": [
    28
  ],
  "text": "- 6.11. OSHA acceptable hearing and respiratory equipment should be worn as required.",
  "bboxes": [
    [
      64.80000000000001,
      220.200375,
      452.9835000000002,
      225.70012499999996
    ]
  ],
  "chunk_index": 366
}