{
  "headings": [
    "8. Professional Liability (E&O)."
  ],
  "page_numbers": [
    21
  ],
  "text": "- C. Amount of Insurance: of not less than $1,000,000 each occurrence/$1,000,000 aggregate.",
  "bboxes": [
    [
      108.0,
      235.98055424999995,
      483.21269400000034,
      244.98032925000007
    ]
  ],
  "chunk_index": 258
}