{
  "headings": [
    "4. Commercial General Liability Insurance."
  ],
  "page_numbers": [
    19
  ],
  "text": "9. $2,000,000\n- iv. Personal and Advertising Injury Limit",
  "bboxes": [
    [
      144.0,
      342.90055425,
      188.99887500000006,
      351.90032925
    ],
    [
      126.0,
      332.10055424999996,
      296.06619824999984,
      341.10032924999996
    ]
  ],
  "chunk_index": 208
}