{
  "chunk_index": 417,
  "headings": [
    "DRAWING AND SPECIFICATION LOG"
  ],
  "text": "[See Attached]\nInitials: __________",
  "page_numbers": [
    65
  ],
  "bboxes": [
    [
      270.29,
      639.7550329281768,
      341.89912,
      649.65712
    ],
    [
      268.4518,
      597.1393,
      348.4518,
      604.5393
    ]
  ],
  "filterCombined": true
}