{
  "headings": [
    "10. Aviation/Drone Liability."
  ],
  "page_numbers": [
    22
  ],
  "text": "ProcoreSubcontractorInitialHere",
  "bboxes": [
    [
      529.7760000000001,
      48.42035850000002,
      555.873474,
      50.219908499999974
    ]
  ],
  "chunk_index": 284
}