{
  "headings": [
    "5. Auto Liability Insurance."
  ],
  "page_numbers": [
    20
  ],
  "text": "- iii. Waiver of Subrogation, as required in 3.H., above.",
  "bboxes": [
    [
      126.0,
      299.70055425,
      344.6249842499999,
      308.70032925000004
    ]
  ],
  "chunk_index": 236
}