{
  "headings": [
    "Subcontract 2507007-1"
  ],
  "page_numbers": [
    2
  ],
  "text": "43. This Contract includes all mobilizations of the Subcontractor.\n44. All sales tax included.",
  "bboxes": [
    [
      176.8785,
      80.42764687500005,
      407.71414200000015,
      84.49739249999993
    ],
    [
      176.8785,
      71.41864687499992,
      270.8666955000001,
      75.48839249999992
    ]
  ],
  "chunk_index": 54
}