{
  "headings": [
    "B. Form:"
  ],
  "page_numbers": [
    23
  ],
  "text": "- ix. Primary and Non Contributory status required herein.",
  "bboxes": [
    [
      126.0,
      375.30055424999995,
      357.93465149999975,
      384.30032925
    ]
  ],
  "chunk_index": 297
}