{
  "headings": [
    "D. Required Endorsements:"
  ],
  "page_numbers": [
    20
  ],
  "text": "- Any 'Insured vs. Insured' exclusion\n- Any Punitive, Exemplary or Multiplied Damages exclusion",
  "bboxes": [
    [
      180.0,
      602.10055425,
      343.4963624999998,
      611.10032925
    ],
    [
      180.0,
      591.30055425,
      435.18407025000005,
      600.30032925
    ]
  ],
  "chunk_index": 227
}