{
  "headings": [
    "SUBCONTRACTOR/SUPPLIER'S SUB-SUBCONTRACTOR/SUB-SUPPLIER LISTING"
  ],
  "page_numbers": [
    25
  ],
  "text": "Signature",
  "bboxes": [
    [
      50.400000000000006,
      172.34005424999987,
      88.72904175000002,
      181.33982924999998
    ]
  ],
  "chunk_index": 316
}