{
  "headings": [
    "B. Form:"
  ],
  "page_numbers": [
    23
  ],
  "text": "- viii. Cancellation and material change in coverage notification as required by this Agreement.",
  "bboxes": [
    [
      126.0,
      386.10055424999996,
      499.53111150000024,
      395.10032924999996
    ]
  ],
  "chunk_index": 296
}