{
  "headings": [
    "6. Workers' Compensation/Employer's Liability Insurance."
  ],
  "page_numbers": [
    20
  ],
  "text": "- C. Required Endorsements:\n- i. Notice of Cancellation, or Material Change in Coverage, as required in 3.F. above.",
  "bboxes": [
    [
      108.0,
      202.49980425,
      224.59993049999997,
      211.49957925
    ],
    [
      126.0,
      191.69980424999994,
      473.36176575000025,
      200.69957925000006
    ]
  ],
  "chunk_index": 240
}