{
  "headings": [
    "D. Required Endorsements:"
  ],
  "page_numbers": [
    19
  ],
  "text": "- Personal Injury contractual liability exclusion\n- Contractual Liability Limitation CG 21 39",
  "bboxes": [
    [
      180.0,
      94.49980425000001,
      380.6054347499997,
      103.49957925000001
    ],
    [
      180.0,
      83.69980424999994,
      367.72575674999973,
      92.69957925000006
    ]
  ],
  "chunk_index": 219
}