{
  "headings": [
    "Subcontract 2507007-1"
  ],
  "page_numbers": [
    4
  ],
  "text": "12. Schedule all work with Daniel Lopez dlopez@arch-con.com 713-670-4077.",
  "bboxes": [
    [
      152.8785,
      123.50314687499997,
      434.68535999999995,
      127.57289249999997
    ]
  ],
  "chunk_index": 102
}