{
  "headings": [
    "5. GENERAL"
  ],
  "page_numbers": [
    27
  ],
  "text": "- 5.7. Subcontractors  are  required  to  provide  ALL  safety  related  paperwork  to  Arch-Con  as  required  by  the project superintendent.",
  "bboxes": [
    [
      64.80000000000001,
      108.80062499999997,
      561.5783220000001,
      127.50037499999996
    ]
  ],
  "chunk_index": 341
}