{
  "headings": [
    "8. Professional Liability (E&O)."
  ],
  "page_numbers": [
    22
  ],
  "text": "- E. Other Requirements:\n- i. This insurance shall not include any type of exclusion or limitation of coverage applicable to claims arising from:",
  "bboxes": [
    [
      108.0,
      548.10055425,
      209.59993049999997,
      557.10032925
    ],
    [
      126.0,
      523.26055425,
      543.0600232500005,
      543.06032925
    ]
  ],
  "chunk_index": 272
}