{
  "headings": [
    "5. GENERAL"
  ],
  "page_numbers": [
    28
  ],
  "text": "- 5.8.1.1. A copy of subcontractor's crane operators license;",
  "bboxes": [
    [
      129.59925,
      735.000375,
      392.9620785000001,
      740.500125
    ]
  ],
  "chunk_index": 345
}