{
  "headings": [
    "6. Workers' Compensation/Employer's Liability Insurance."
  ],
  "page_numbers": [
    20
  ],
  "text": "- D. Other Requirements:\n- i. The State in which work is to be performed must be listed under Item 3.A. on the Information/Declaration page.",
  "bboxes": [
    [
      108.0,
      148.49980425,
      209.59993049999997,
      157.49957925
    ],
    [
      126.0,
      126.89980424999999,
      468.8518785000001,
      146.69957925000006
    ]
  ],
  "chunk_index": 243
}