{
  "headings": [
    "Subcontract 2507007-1"
  ],
  "page_numbers": [
    1
  ],
  "text": "8. Install undermount kitchen sinks at the Café Food & Beverage and Café Service countertops. Sink supplied by others.",
  "bboxes": [
    [
      181.32750000000001,
      119.16439687499997,
      573.0238094999997,
      132.24314249999998
    ]
  ],
  "chunk_index": 19
}