{
  "headings": [
    "Current Specifications"
  ],
  "page_numbers": [
    88
  ],
  "text": "Job #: 2507007 The Silos",
  "bboxes": [
    [
      683.3861,
      542.2849,
      776.2948999999999,
      551.0074000000001
    ]
  ],
  "chunk_index": 533
}