{
  "headings": [
    "B. Form:"
  ],
  "page_numbers": [
    23
  ],
  "text": "- vii. Amount of any deductibles and/or retentions.",
  "bboxes": [
    [
      126.0,
      396.90055425,
      324.9354764999998,
      405.90032925
    ]
  ],
  "chunk_index": 295
}