{
  "headings": [
    "D. Required Endorsements:"
  ],
  "page_numbers": [
    19
  ],
  "text": "- iii. Notice of Cancellation, or Material Change in Coverage, as required in 3.F., above.",
  "bboxes": [
    [
      126.0,
      213.29980424999997,
      475.86170325000023,
      222.29957925000008
    ]
  ],
  "chunk_index": 212
}