{
  "headings": [
    "B. Form:"
  ],
  "page_numbers": [
    23
  ],
  "text": "- v. Additional insured status required herein.\n- vi. Aggregate limits per project required herein.",
  "bboxes": [
    [
      126.0,
      418.50055425,
      309.80585474999987,
      427.50032925000005
    ],
    [
      126.0,
      407.70055425,
      322.0855477499998,
      416.70032925000004
    ]
  ],
  "chunk_index": 294
}