{
  "headings": [
    "Subcontract 2507007-1"
  ],
  "page_numbers": [
    1
  ],
  "text": "10. Supply and Install Mockett TM2B 8\" x 2\" Trash Grommet Black A5.52 at the Café Service Counter, Cafe, and Café Lounge Tops.",
  "bboxes": [
    [
      176.8785,
      92.13589687500007,
      562.7524514999999,
      105.2153924999999
    ]
  ],
  "chunk_index": 21
}