{
  "chunk_index": 180,
  "headings": [
    "Note: Payment CANNOT be issued without a fully excuted subcontract on file with Arch-Con Corporation. HANDWRITTEN FORMS ARE NOT ACCEPTED. FORMS MUST BE TYPED."
  ],
  "text": "PAGE OF PAGES\nAIA DOCUMENT G703\nCONTINUATION SHEET\n1/0/1900\nAPPLICATION NO:\nAPPLICATION DATE\nAIA Document G702, APPLICATION AND CERTIFICATION FOR PAYMENT, containing\nContractor's signed certification is attached.\nRATE)\n$0.00\n$0.00\n$0.00\n$0.00\n$0.00\n50.00\n$0.00\n$0.00\n$0.00\n$0.00\n$0.00\n$0.00\n50.00\n$0.00\n$0.00\n50.00\n$0.00\n50.00\n$0.00\n$0.00\n$0.00\n$0.00\n$0.00\n50.00\n$0.00\n$0.00\n50.00\n$0.00\n$0.00\n$0.00\n$0.00\nRETAINAGE\nIF VARIABLE\nProcoreSubcontractorInitialHere",
  "page_numbers": [
    17
  ],
  "bboxes": [
    [
      22.257810236820475,
      682.7441867593246,
      27.31640796046346,
      723.2093026243963
    ],
    [
      18.210932998933917,
      493.569768063289,
      27.316410014111327,
      580.5697680632891
    ],
    [
      15.175772929178057,
      113.19767538354711,
      28.328131302184243,
      258.8720935150576
    ],
    [
      40.46874835995688,
      693.8720933425313,
      49.57422028887127,
      730.2906978754089
    ],
    [
      32.374997416399744,
      618.0000001050423,
      40.46875250266277,
      681.7325593091438
    ],
    [
      40.46874582405192,
      609.9069762964926,
      48.56250313555501,
      679.7093037704509
    ],
    [
      32.60556806852835,
      112.16469315309803,
      41.4975256694398,
      356.0172118705459
    ],
    [
      42.49218271476644,
      112.18605253998146,
      49.57422350150961,
      225.4883698414136
    ],
    [
      105.21874932374838,
      742.4302328639646,
      113.31250059531413,
      762.6627907965004
    ],
    [
      129.49999931363118,
      754.5697679243358,
      136.58203183519694,
      771.7674417219432
    ],
    [
      139.61718680098468,
      754.56976796733,
      146.69921932255042,
      771.7674417649374
    ],
    [
      148.722655553514,
      754.5697679243358,
      156.81640682507972,
      771.7674417219432
    ],
    [
      158.83984306363115,
      754.5697679243358,
      165.92187558519694,
      771.7674417219432
    ],
    [
      168.95703055098468,
      754.56976796733,
      176.03906307255045,
      771.7674417649374
    ],
    [
      178.06249928833822,
      754.56976796733,
      186.15625055990395,
      771.7674417649374
    ],
    [
      188.17968680098468,
      754.56976796733,
      195.26171932255045,
      771.7674417649374
    ],
    [
      198.29687430098468,
      754.56976796733,
      205.37890682255045,
      771.7674417649374
    ],
    [
      207.402343053514,
      754.5697679243358,
      215.49609432507975,
      771.7674417219432
    ],
    [
      217.51953056363118,
      754.5697679243358,
      224.60156308519694,
      771.7674417219432
    ],
    [
      226.624999303514,
      753.558139746548,
      234.71875057507975,
      771.7674420129869
    ],
    [
      236.7421868052002,
      753.5581393529134,
      243.82421932676596,
      770.7558144220866
    ],
    [
      245.84765556363118,
      753.5581393529134,
      253.94140683519694,
      770.7558144220866
    ],
    [
      255.96484306363118,
      753.55813933244,
      263.0468755851969,
      770.7558144016132
    ],
    [
      265.0703118136312,
      753.5581393529134,
      273.1640630851969,
      770.7558144220866
    ],
    [
      275.1874993064047,
      753.55813933244,
      283.2812505779704,
      770.7558144016132
    ],
    [
      284.2929680636312,
      753.55813933244,
      293.3984380851969,
      770.7558144016132
    ],
    [
      294.4101555383382,
      753.5581397920713,
      302.503906809904,
      771.76744205851
    ],
    [
      303.5156243136312,
      753.55813933244,
      312.6210943351969,
      770.7558144016132
    ],
    [
      313.63281179917806,
      753.55813933244,
      322.7382818207438,
      770.7558144016132
    ],
    [
      323.74999929917806,
      753.55813933244,
      332.8554693207438,
      770.7558144016132
    ],
    [
      332.8554680636312,
      753.55813933244,
      341.96093808519686,
      770.7558144016132
    ],
    [
      342.9726555564046,
      753.55813933244,
      351.0664068279703,
      770.7558144016132
    ],
    [
      353.0898430636312,
      753.5581393170849,
      361.18359433519686,
      770.7558143862581
    ],
    [
      362.1953117991781,
      753.55813933244,
      371.30078182074385,
      770.7558144016132
    ],
    [
      372.3124992991781,
      753.55813933244,
      381.41796932074385,
      770.7558144016132
    ],
    [
      382.4296868064046,
      753.55813933244,
      390.5234380779703,
      770.7558144016132
    ],
    [
      391.5351555509847,
      753.5581397920713,
      400.6406255725505,
      771.76744205851
    ],
    [
      401.65234305351396,
      753.558139746548,
      409.7460943250797,
      771.7674420129869
    ],
    [
      410.75781180520016,
      753.5581397161992,
      419.86328182676584,
      771.767441982638
    ],
    [
      420.8749993237484,
      753.558139746548,
      428.96875059531413,
      771.7674420129869
    ],
    [
      89.03124835995686,
      735.3488377236774,
      97.12500153887125,
      771.767442256555
    ],
    [
      98.13671710995686,
      734.337210711877,
      105.21875153887125,
      772.7790696392858
    ],
    [
      528.372,
      48.42035850000002,
      554.469474,
      50.219908499999974
    ]
  ],
  "filterCombined": true
}