{
  "headings": [
    "5. Auto Liability Insurance."
  ],
  "page_numbers": [
    20
  ],
  "text": "- C. Required Endorsements:\n- i. Additional Insured status required in 3.G. and 3.I., above. Endorsement shall be provided with the certificate of insurance.",
  "bboxes": [
    [
      108.0,
      342.90055425,
      224.59993049999997,
      351.90032925
    ],
    [
      126.0,
      321.30055424999995,
      535.7102070000007,
      341.10032924999996
    ]
  ],
  "chunk_index": 234
}