{
  "headings": [
    "7. TASK HAZARD ANALYSIS (THA)"
  ],
  "page_numbers": [
    28
  ],
  "text": "ProcoreSubcontractorInitialHere",
  "bboxes": [
    [
      528.372,
      49.20037500000001,
      554.7673995,
      50.20012499999996
    ]
  ],
  "chunk_index": 370
}