{
  "headings": [
    "5. GENERAL"
  ],
  "page_numbers": [
    27
  ],
  "text": "- 5.3. Subcontractors are responsible for providing work task lighting for its employees and second and lower tier subcontractors.",
  "bboxes": [
    [
      64.80000000000001,
      240.80062499999997,
      561.5668424999999,
      259.50037499999996
    ]
  ],
  "chunk_index": 337
}