{
  "headings": [
    "SUBCONTRACTOR/SUPPLIER'S SUB-SUBCONTRACTOR/SUB-SUPPLIER LISTING"
  ],
  "page_numbers": [
    25
  ],
  "text": "Notary Public, State of Texas",
  "bboxes": [
    [
      444.40950000000004,
      82.06030424999994,
      561.4165747500006,
      91.06007925000006
    ]
  ],
  "chunk_index": 320
}