{
  "headings": [],
  "page_numbers": [
    1
  ],
  "text": "Houston, Texas 77007",
  "bboxes": [
    [
      37.9995,
      678.407896875,
      117.60186,
      682.4776425
    ]
  ],
  "chunk_index": 2
}