{
  "headings": [
    "6. CLOTHING AND PERSONAL PROTECTIVE EQUIPMENT"
  ],
  "page_numbers": [
    28
  ],
  "text": "- 6.8. All baggy attire will be tucked in and contained.",
  "bboxes": [
    [
      64.80000000000001,
      259.80037500000003,
      301.6193805000002,
      265.300125
    ]
  ],
  "chunk_index": 363
}