{
  "headings": [
    "4. Commercial General Liability Insurance."
  ],
  "page_numbers": [
    19
  ],
  "text": "- i. Each Occurrence Limit\n- a. $1,000,000",
  "bboxes": [
    [
      126.0,
      396.90055425,
      237.29766749999993,
      405.90032925
    ],
    [
      144.0,
      386.10055424999996,
      198.43863900000002,
      395.10032924999996
    ]
  ],
  "chunk_index": 205
}