{
  "headings": [
    "Subcontract 2507007-1"
  ],
  "page_numbers": [
    1
  ],
  "text": "1. Furnish and install all COUNTERTOPS in accordance with the plans and specifications including, but not limited to:",
  "bboxes": [
    [
      157.32750000000001,
      397.44589687499996,
      565.1348024999996,
      410.5253925
    ]
  ],
  "chunk_index": 11
}