{
  "headings": [
    "Subcontract 2507007-1"
  ],
  "page_numbers": [
    2
  ],
  "text": "22. The Subcontractor shall submit SDS on all compounds / chemicals used on the site, including caulk.",
  "bboxes": [
    [
      176.8785,
      521.8873968749999,
      547.6893929999995,
      525.9571424999999
    ]
  ],
  "chunk_index": 33
}