{
  "headings": [],
  "page_numbers": [
    1
  ],
  "text": "Arch-Con Corporation 190 TC Jester, Suite 200",
  "bboxes": [
    [
      37.9995,
      689.669896875,
      125.9700015,
      705.0008925
    ]
  ],
  "chunk_index": 1
}