{
  "headings": [
    "SUBCONTRACTOR/SUPPLIER'S SUB-SUBCONTRACTOR/SUB-SUPPLIER LISTING"
  ],
  "page_numbers": [
    25
  ],
  "text": "PROJECT NAME:",
  "bboxes": [
    [
      98.03925,
      511.38055425,
      176.73918749999999,
      520.3803292499999
    ]
  ],
  "chunk_index": 312
}