{
  "headings": [
    "CONTRACTOR'S INSURANCE REQUIREMENTS OF SUBCONTRACT"
  ],
  "page_numbers": [
    18
  ],
  "text": "1. Definitions. For purposes of this Agreement:\n- A. ISO. 'ISO' means Insurance Services Office.",
  "bboxes": [
    [
      90.0,
      662.94055425,
      286.52640674999986,
      671.94032925
    ],
    [
      108.0,
      652.1405542499999,
      307.98585299999985,
      661.1403292499999
    ]
  ],
  "chunk_index": 183
}