{
  "headings": [
    "SUBCONTRACTOR/SUPPLIER'S SUB-SUBCONTRACTOR/SUB-SUPPLIER LISTING"
  ],
  "page_numbers": [
    25
  ],
  "text": "Commission Expires",
  "bboxes": [
    [
      477.97950000000003,
      58.52005424999993,
      561.5974095000004,
      67.51982924999993
    ]
  ],
  "chunk_index": 321
}