{
  "headings": [
    "9. DISCIPLINARY POLICY"
  ],
  "page_numbers": [
    29
  ],
  "text": "ProcoreSubcontractorInitialHere",
  "bboxes": [
    [
      528.372,
      49.20037500000001,
      554.7673995,
      50.20012499999996
    ]
  ],
  "chunk_index": 390
}