{
  "headings": [
    "B. Form:"
  ],
  "page_numbers": [
    23
  ],
  "text": "- x. Waivers of subrogation required herein.\n- D. Required Endorsements. A copy of each required endorsement shall also be provided.",
  "bboxes": [
    [
      126.0,
      364.50055424999994,
      302.4260392499998,
      373.50032925000005
    ],
    [
      108.0,
      353.70055425,
      468.73382700000036,
      362.70032925000004
    ]
  ],
  "chunk_index": 298
}