{
  "headings": [
    "Current Specifications"
  ],
  "page_numbers": [
    92
  ],
  "text": "34 60 13, Description = ELECTRIC VEHICLE CHARGING STATIONS. 34 60 13, Revision = 0. 34 60 13, Issued Date = 05/30/25. 34 60 13, Received Date = 06/04/25. 34 60 13, Set = IFC",
  "bboxes": [
    [
      13.18358325958252,
      459.88304138183594,
      777.9395141601562,
      485.3702163696289
    ]
  ],
  "chunk_index": 549
}