{
  "headings": [
    "6. Workers' Compensation/Employer's Liability Insurance."
  ],
  "page_numbers": [
    20
  ],
  "text": "- i. Workers' Compensation: Statutory Limits\n- ii. Employer's Liability: $1,000,000 each accident and each disease",
  "bboxes": [
    [
      126.0,
      224.10055424999996,
      310.96582574999974,
      233.10032924999996
    ],
    [
      126.0,
      213.29980424999997,
      403.0135244999998,
      222.29957925000008
    ]
  ],
  "chunk_index": 239
}