{
  "headings": [
    "4. Commercial General Liability Insurance."
  ],
  "page_numbers": [
    19
  ],
  "text": "7. $2,000,000\n- iii. Product-Completed Operations Aggregate Limit",
  "bboxes": [
    [
      144.0,
      364.50055424999994,
      188.99887500000006,
      373.50032925000005
    ],
    [
      126.0,
      353.70055425,
      336.83517899999975,
      362.70032925000004
    ]
  ],
  "chunk_index": 207
}