{
  "headings": [
    "Subcontract 2507007-1"
  ],
  "page_numbers": [
    2
  ],
  "text": "41. Completion of all countertops required as part of this project is included in this Subcontract.",
  "bboxes": [
    [
      176.8785,
      107.45614687500006,
      515.6833934999996,
      111.52589250000005
    ]
  ],
  "chunk_index": 52
}