{
  "headings": [
    "6. CLOTHING AND PERSONAL PROTECTIVE EQUIPMENT"
  ],
  "page_numbers": [
    28
  ],
  "text": "- 6.7. All shirts must have a minimum of a 4-inch sleeve.",
  "bboxes": [
    [
      64.80000000000001,
      273.00037499999996,
      313.3668465000002,
      278.500125
    ]
  ],
  "chunk_index": 362
}