{
  "headings": [
    "6. Workers' Compensation/Employer's Liability Insurance."
  ],
  "page_numbers": [
    20
  ],
  "text": "ProcoreSubcontractorInitialHere",
  "bboxes": [
    [
      529.7760000000001,
      48.42035850000002,
      555.873474,
      50.219908499999974
    ]
  ],
  "chunk_index": 246
}