{
  "headings": [
    "Subcontract 2507007-1"
  ],
  "page_numbers": [
    4
  ],
  "text": "4. Exhibit 'D' - Subcontractor/Supplier's Sub-Subcontractor/Sub-Supplier Listing\n5. Exhibit 'E' - Agreement between GC and Subcontractor to Establish Independent Relationship",
  "bboxes": [
    [
      181.32750000000001,
      464.849896875,
      470.07824400000015,
      468.9196425
    ],
    [
      181.32750000000001,
      455.840896875,
      529.4825309999999,
      459.9106425
    ]
  ],
  "chunk_index": 91
}