{
  "headings": [
    "8. Professional Liability (E&O)."
  ],
  "page_numbers": [
    21
  ],
  "text": "- Habitational or residential operations.\n- Mold and/or microbial matter and/or fungus and/or biological substance.",
  "bboxes": [
    [
      180.0,
      118.25980424999989,
      349.08622274999976,
      127.25957925
    ],
    [
      180.0,
      107.45980424999993,
      488.7927300000003,
      116.45957925000005
    ]
  ],
  "chunk_index": 262
}