{
  "headings": [
    "Subcontract 2507007-1"
  ],
  "page_numbers": [
    4
  ],
  "text": "5. For this project Pay Applications are due on the 15th of the month for work completed through the current work period.",
  "bboxes": [
    [
      157.32750000000001,
      657.028396875,
      560.9910614999999,
      670.1071425
    ]
  ],
  "chunk_index": 82
}