{
  "headings": [
    "CONTRACTOR'S INSURANCE REQUIREMENTS OF SUBCONTRACT"
  ],
  "page_numbers": [
    18
  ],
  "text": "2. Subcontractor Insurance Representations to Contractor Parties.\n- A. It is expressly understood and agreed that the insurance coverages required herein:",
  "bboxes": [
    [
      90.0,
      565.7405542500001,
      359.4699375,
      574.7403292500001
    ],
    [
      108.0,
      554.94055425,
      455.73175649999996,
      563.9403292500001
    ]
  ],
  "chunk_index": 186
}