{
  "headings": [
    "Subcontract 2507007-1"
  ],
  "page_numbers": [
    4
  ],
  "text": "6. Coordinate all work with the Project Superintendent and other trades working on the project.",
  "bboxes": [
    [
      157.32750000000001,
      648.019396875,
      494.8111979999999,
      652.0891425
    ]
  ],
  "chunk_index": 83
}