{
  "headings": [
    "16. Builder's Risk Costs and Claims."
  ],
  "page_numbers": [
    24
  ],
  "text": "ProcoreSubcontractorInitialHere",
  "bboxes": [
    [
      529.7760000000001,
      48.42035850000002,
      555.873474,
      50.219908499999974
    ]
  ],
  "chunk_index": 309
}