{
  "headings": [
    "Subcontract 2507007-1"
  ],
  "page_numbers": [
    2
  ],
  "text": "21. Furnish and install all CSP-002 overhang brackets at Club island and Business island countertops.",
  "bboxes": [
    [
      176.8785,
      530.897146875,
      541.9457519999999,
      534.9668925000001
    ]
  ],
  "chunk_index": 32
}