{
  "headings": [
    "EXHIBIT 'A' Standard Terms and Conditions"
  ],
  "page_numbers": [
    9
  ],
  "text": "ProcoreSubcontractorInitialHere",
  "bboxes": [
    [
      540.9000000000001,
      48.42035850000002,
      566.997474,
      50.219908499999974
    ]
  ],
  "chunk_index": 135
}