{
  "headings": [
    "Subcontract 2507007-1"
  ],
  "page_numbers": [
    4
  ],
  "text": "11. Estimated Start Date: 11/01/26",
  "bboxes": [
    [
      153.4725,
      548.915896875,
      278.6887064999999,
      552.9856425
    ]
  ],
  "chunk_index": 104
}