{
  "headings": [
    "Subcontract 2507007-1"
  ],
  "page_numbers": [
    4
  ],
  "text": "10. List of Drawings (Drawing Log Attached)\n11. Job Site Delivery Address is 1235 Shadowdale Dr., Houston, TX 77043.",
  "bboxes": [
    [
      152.8785,
      141.52189687500004,
      313.07055750000006,
      145.59164249999992
    ],
    [
      153.4725,
      132.51214687499998,
      423.7116420000001,
      136.58189249999987
    ]
  ],
  "chunk_index": 101
}