{
  "headings": [
    "D. Required Endorsements:"
  ],
  "page_numbers": [
    19
  ],
  "text": "- Amendment of Insured Contract Definition CG 2426",
  "bboxes": [
    [
      180.0,
      72.89980424999999,
      409.99469999999985,
      81.89957924999999
    ]
  ],
  "chunk_index": 220
}