{
  "headings": [
    "9. DISCIPLINARY POLICY"
  ],
  "page_numbers": [
    29
  ],
  "text": "- 9.1.1. 1st Offense - the worker is given a written warning.",
  "bboxes": [
    [
      75.6,
      298.39987500000007,
      342.40250850000007,
      303.899625
    ]
  ],
  "chunk_index": 385
}