{
  "headings": [
    "B. Form:"
  ],
  "page_numbers": [
    23
  ],
  "text": "- ii. Insured's name, which must match that on this Agreement.",
  "bboxes": [
    [
      126.0,
      472.50055425,
      378.9741254999998,
      481.50032925000005
    ]
  ],
  "chunk_index": 291
}