{
  "headings": [
    "Subcontract 2507007-1"
  ],
  "page_numbers": [
    2
  ],
  "text": "34. Quality control standards must be approved by the Contractor's jobsite staff prior to start of job.",
  "bboxes": [
    [
      176.8785,
      224.57839687500007,
      529.4345339999996,
      228.64814249999995
    ]
  ],
  "chunk_index": 45
}