{
  "headings": [
    "Subcontract 2507007-1"
  ],
  "page_numbers": [
    2
  ],
  "text": "38. Upon approval of the countertop shop drawings by the Contractor, the Subcontractor shall release the project for fabrication.",
  "bboxes": [
    [
      176.8785,
      161.51239687499992,
      553.0570574999997,
      174.59114249999993
    ]
  ],
  "chunk_index": 49
}