{
  "headings": [
    "D. Required Endorsements:"
  ],
  "page_numbers": [
    20
  ],
  "text": "- Any Subsidence exclusion\n- Any depletion of policy limits for Defense Costs or Supplementary Payments exclusion",
  "bboxes": [
    [
      180.0,
      580.50055425,
      303.7973549999998,
      589.50032925
    ],
    [
      180.0,
      569.7005542500001,
      548.2012447500005,
      578.7003292500001
    ]
  ],
  "chunk_index": 228
}