{
  "headings": [
    "Subcontract 2507007-1"
  ],
  "page_numbers": [
    1
  ],
  "text": "2507007 - Silos Springs",
  "bboxes": [
    [
      489.0585,
      700.931146875,
      573.9653339999999,
      705.0008925
    ]
  ],
  "chunk_index": 7
}