{
  "headings": [
    "Subcontract 2507007-1"
  ],
  "page_numbers": [
    1
  ],
  "text": "9. Install undermount Vanity Sink at the Café Men's/Women's Restroom tops. Sink supplied by others.",
  "bboxes": [
    [
      181.32750000000001,
      110.15464687500003,
      544.8575699999997,
      114.22439250000002
    ]
  ],
  "chunk_index": 20
}