{
  "headings": [],
  "page_numbers": [
    1
  ],
  "text": "Phone: (713) 533-1900",
  "bboxes": [
    [
      37.9995,
      667.146646875,
      122.50086150000001,
      671.2163925
    ]
  ],
  "chunk_index": 3
}