{
  "headings": [
    "5. Auto Liability Insurance."
  ],
  "page_numbers": [
    20
  ],
  "text": "- ii. Notice of Cancellation, or Material Change in Coverage, as required in 3.F.,above.",
  "bboxes": [
    [
      126.0,
      310.50055424999994,
      473.36176575000025,
      319.50032925000005
    ]
  ],
  "chunk_index": 235
}