{
  "headings": [
    "Subcontract 2507007-1"
  ],
  "page_numbers": [
    4
  ],
  "text": "2. Exhibit 'B' - Application for Payment\n3. Exhibit 'C' - Contractor's Insurance Requirements of Subcontract",
  "bboxes": [
    [
      181.32750000000001,
      482.86864687499997,
      324.15936450000015,
      486.9383925
    ],
    [
      181.32750000000001,
      473.859646875,
      426.52896599999997,
      477.9293925
    ]
  ],
  "chunk_index": 90
}