{
  "headings": [
    "Subcontract 2507007-1"
  ],
  "page_numbers": [
    4
  ],
  "text": "8. Provide and maintain a current list of Procore Pay Administrators authorized to manage payments related activities to the General Contractor.",
  "bboxes": [
    [
      157.32750000000001,
      177.55939687500006,
      542.3522264999999,
      190.63814249999996
    ]
  ],
  "chunk_index": 99
}