{
  "headings": [
    "D. Required Endorsements:"
  ],
  "page_numbers": [
    19
  ],
  "text": "- E. Other Requirements:\n- i. Broad form Contractual Liability coverage will be provided in the policy.",
  "bboxes": [
    [
      108.0,
      170.09980424999992,
      209.59993049999997,
      179.09957925000003
    ],
    [
      126.0,
      159.29980424999997,
      436.8726780000002,
      168.29957925000008
    ]
  ],
  "chunk_index": 216
}