{
  "headings": [
    "8. Professional Liability (E&O)."
  ],
  "page_numbers": [
    22
  ],
  "text": "- D. Required Endorsements:\n- i. Additional Insured status required in 3.G., above. Endorsement shall be provided with the certificate of insurance.",
  "bboxes": [
    [
      108.0,
      580.50055425,
      224.59993049999997,
      589.50032925
    ],
    [
      126.0,
      558.90055425,
      556.0496985000007,
      578.7003292500001
    ]
  ],
  "chunk_index": 271
}