{
  "headings": [
    "8. FLOOR AND WALL OPENINGS"
  ],
  "page_numbers": [
    29
  ],
  "text": "- 8.3.6.Plywood  shall  NOT  be  used  to  cover  holes  greater  than  12  inches  in  the  maximum  horizontal dimension.",
  "bboxes": [
    [
      64.80000000000001,
      378.60037500000004,
      561.5326365,
      397.30012500000004
    ]
  ],
  "chunk_index": 383
}