{
  "headings": [
    "8. Professional Liability (E&O)."
  ],
  "page_numbers": [
    22
  ],
  "text": "- Impaired property that has not been physically injured",
  "bboxes": [
    [
      180.0,
      490.86055425,
      414.85457849999995,
      499.86032925000006
    ]
  ],
  "chunk_index": 274
}