{
  "headings": [
    "8. Professional Liability (E&O)."
  ],
  "page_numbers": [
    21
  ],
  "text": "- D. Other Requirements:\n- i. This insurance is not permitted to include any type of exclusion or limitation of coverage applicable to claims arising from:",
  "bboxes": [
    [
      108.0,
      221.94055424999988,
      209.59993049999997,
      230.94032925
    ],
    [
      126.0,
      197.09980424999992,
      553.3397662500006,
      216.89957925
    ]
  ],
  "chunk_index": 259
}