{
  "headings": [
    "SUBCONTRACTOR/SUPPLIER'S SUB-SUBCONTRACTOR/SUB-SUPPLIER LISTING"
  ],
  "page_numbers": [
    25
  ],
  "text": "Subcontractor Initial",
  "bboxes": [
    [
      454.14374999999995,
      41.91719155844146,
      528.2947499999998,
      46.02674999999999
    ]
  ],
  "chunk_index": 323
}