{
  "headings": [
    "Subcontract 2507007-1"
  ],
  "page_numbers": [
    1
  ],
  "text": "Project:",
  "bboxes": [
    [
      457.05075,
      700.931146875,
      489.0247515,
      705.0008925
    ]
  ],
  "chunk_index": 6
}