{
  "headings": [
    "8. Professional Liability (E&O)."
  ],
  "page_numbers": [
    22
  ],
  "text": "- Punitive, exemplary or multiplied damages\n- Work performed by subcontractors",
  "bboxes": [
    [
      180.0,
      436.86055425,
      369.78570524999975,
      445.86032925000006
    ],
    [
      180.0,
      426.06055425,
      337.43651399999976,
      435.06032925
    ]
  ],
  "chunk_index": 277
}