{
  "headings": [
    "5. GENERAL"
  ],
  "page_numbers": [
    28
  ],
  "text": "- 5.8.1.4.  A copy of Crane Annual Inspection; and",
  "bboxes": [
    [
      129.59925,
      695.4003749999999,
      344.7182715000002,
      700.900125
    ]
  ],
  "chunk_index": 348
}