{
  "headings": [
    "Subcontract 2507007-1"
  ],
  "page_numbers": [
    3
  ],
  "text": "62. All Work in accordance with ADA and Fair Housing requirements",
  "bboxes": [
    [
      176.8785,
      323.68114687499997,
      422.67320700000016,
      327.75089249999996
    ]
  ],
  "chunk_index": 72
}