{
  "headings": [
    "5. GENERAL"
  ],
  "page_numbers": [
    27
  ],
  "text": "- 5.5. No radios or head phones are allowed onsite.",
  "bboxes": [
    [
      64.80000000000001,
      214.400625,
      292.64378849999997,
      219.90037500000005
    ]
  ],
  "chunk_index": 339
}