{
  "headings": [
    "D. Required Endorsements:"
  ],
  "page_numbers": [
    19
  ],
  "text": "- v. Primary Liability and Non-Contributory, as required in 3.I., above",
  "bboxes": [
    [
      126.0,
      191.69980424999994,
      407.81340449999993,
      200.69957925000006
    ]
  ],
  "chunk_index": 214
}