{
  "headings": [
    "Subcontract 2507007-1"
  ],
  "page_numbers": [
    1
  ],
  "text": "Houston, Texas 77043",
  "bboxes": [
    [
      494.39025000000004,
      678.407896875,
      573.9918600000001,
      682.4776425
    ]
  ],
  "chunk_index": 9
}