{
  "headings": [
    "SUBCONTRACTOR/SUPPLIER'S SUB-SUBCONTRACTOR/SUB-SUPPLIER LISTING"
  ],
  "page_numbers": [
    25
  ],
  "text": "Company",
  "bboxes": [
    [
      50.400000000000006,
      137.99980425,
      89.13903150000002,
      146.99957925
    ]
  ],
  "chunk_index": 317
}