{
  "headings": [
    "10. Aviation/Drone Liability."
  ],
  "page_numbers": [
    22
  ],
  "text": "- B. Form: Aviation/Drone liability insurance policy.\n- C. Amount of Insurance: Coverage shall be provided with a limit of not less than $1,000,000 Each Occurrence.",
  "bboxes": [
    [
      108.0,
      350.46055425,
      317.9154899999998,
      359.46032925
    ],
    [
      108.0,
      339.66055424999996,
      558.5208112500005,
      348.66032925
    ]
  ],
  "chunk_index": 279
}