{
  "headings": [
    "4. Commercial General Liability Insurance."
  ],
  "page_numbers": [
    19
  ],
  "text": "11. $1,000,000\n- v. Electronic Data Liability (required if working in or around data transmission lines) $1,000,000",
  "bboxes": [
    [
      144.0,
      321.30055424999995,
      188.99887500000006,
      330.30032925
    ],
    [
      126.0,
      299.70055425,
      475.23171900000017,
      319.50032925000005
    ]
  ],
  "chunk_index": 209
}