{
  "headings": [
    "Current Specifications"
  ],
  "page_numbers": [
    91
  ],
  "text": "Initials: __________",
  "bboxes": [
    [
      119.7005,
      511.61650000000003,
      199.7005,
      519.0165000000001
    ]
  ],
  "chunk_index": 544
}