{
  "chunk_index": 391,
  "headings": [
    "CONSTRUCTION SCHEDULE"
  ],
  "text": "[See Attached]\nInitials: __________",
  "page_numbers": [
    30
  ],
  "bboxes": [
    [
      270.29,
      639.7550329281768,
      341.8623199999999,
      649.65712
    ],
    [
      272.472,
      595.7993,
      352.472,
      603.1993
    ]
  ],
  "filterCombined": true
}