{
  "headings": [
    "Subcontract 2507007-1"
  ],
  "page_numbers": [
    4
  ],
  "text": "8. If required by the General Contractor, the subcontractor will provide a detailed manpower schedule showing that adequate manpower is being furnished.",
  "bboxes": [
    [
      157.32750000000001,
      611.9818968750001,
      565.4867804999999,
      625.0606425000001
    ]
  ],
  "chunk_index": 85
}