{
  "headings": [
    "6. CLOTHING AND PERSONAL PROTECTIVE EQUIPMENT"
  ],
  "page_numbers": [
    28
  ],
  "text": "- 6.9. Long pants are required at all times.",
  "bboxes": [
    [
      64.80000000000001,
      246.60037499999999,
      250.82368950000003,
      252.10012500000005
    ]
  ],
  "chunk_index": 364
}