{
  "headings": [
    "5. GENERAL"
  ],
  "page_numbers": [
    27
  ],
  "text": "- 5.8. If cranes are in use on a project, the following will be required:",
  "bboxes": [
    [
      64.80000000000001,
      95.60062500000004,
      369.2553060000002,
      101.10037499999999
    ]
  ],
  "chunk_index": 342
}