{
  "headings": [
    "Subcontract 2507007-1"
  ],
  "page_numbers": [
    4
  ],
  "text": "6. Exhibit 'F' - Safety Addendum to Arch-Con Corporation Subcontract",
  "bboxes": [
    [
      181.32750000000001,
      446.831146875,
      436.58433750000006,
      450.9008925
    ]
  ],
  "chunk_index": 92
}