{
  "headings": [
    "8. Professional Liability (E&O)."
  ],
  "page_numbers": [
    21
  ],
  "text": "- Punitive, exemplary, or multiplied damages.\n9. Pollution Liability.",
  "bboxes": [
    [
      180.0,
      96.65980424999998,
      374.13559649999974,
      105.65957924999998
    ],
    [
      90.0,
      82.61980425000002,
      184.1296875,
      91.61957925000002
    ]
  ],
  "chunk_index": 263
}