{
  "headings": [
    "8. Professional Liability (E&O)."
  ],
  "page_numbers": [
    21
  ],
  "text": "ProcoreSubcontractorInitialHere",
  "bboxes": [
    [
      529.7760000000001,
      48.42035850000002,
      555.873474,
      50.219908499999974
    ]
  ],
  "chunk_index": 264
}