{
  "headings": [
    "Subcontract 2507007-1"
  ],
  "page_numbers": [
    4
  ],
  "text": "10. Submittals, a Schedule of Values, and any LEED documentation (if required) are to be submitted to Arch-Con no later than Date: 04/03/26",
  "bboxes": [
    [
      152.8785,
      557.9248968750001,
      567.0706814999999,
      571.0043925
    ]
  ],
  "chunk_index": 87
}