{
  "headings": [
    "5. GENERAL"
  ],
  "page_numbers": [
    27
  ],
  "text": "- 5.4. Smoking is only allowed in designated project areas as assigned by Arch-Con at its sole discretion.",
  "bboxes": [
    [
      64.80000000000001,
      227.60062500000004,
      524.7552375000002,
      233.10037499999999
    ]
  ],
  "chunk_index": 338
}