{
  "headings": [
    "4. Commercial General Liability Insurance."
  ],
  "page_numbers": [
    19
  ],
  "text": "- ii. General Aggregate Limit",
  "bboxes": [
    [
      126.0,
      375.30055424999995,
      243.7775054999999,
      384.30032925
    ]
  ],
  "chunk_index": 206
}