{
  "headings": [
    "Subcontract 2507007-1"
  ],
  "page_numbers": [
    1
  ],
  "text": "3. Unit entry thresholds furnished and installed by others.",
  "bboxes": [
    [
      181.32750000000001,
      317.37064687500003,
      386.85144600000007,
      321.4403925
    ]
  ],
  "chunk_index": 14
}