{
  "headings": [
    "D. Required Endorsements:"
  ],
  "page_numbers": [
    19
  ],
  "text": "- Limitation of Coverage to Designated Premises or Project, CG 21 44",
  "bboxes": [
    [
      180.0,
      62.09980424999992,
      473.5031122500001,
      71.09957925000003
    ]
  ],
  "chunk_index": 221
}