{
  "headings": [
    "7. Umbrella/Excess Liability Insurance."
  ],
  "page_numbers": [
    21
  ],
  "text": "- $5,000,000 Each Occurrence/Aggregate\n- iii. Type III: For any subcontractor not defined as a Type I or Type II subcontractor:\n- $1,000,000 Each Occurrence/Aggregate",
  "bboxes": [
    [
      180.0,
      436.86055425,
      358.2959924999998,
      445.86032925000006
    ],
    [
      126.0,
      415.26055425000004,
      463.98230625000014,
      424.26032925000004
    ],
    [
      180.0,
      393.66055424999996,
      358.2959924999998,
      402.66032925
    ]
  ],
  "chunk_index": 254
}