{
  "headings": [
    "Subcontract 2507007-1"
  ],
  "page_numbers": [
    2
  ],
  "text": "36. The Subcontractor shall provide all dishwasher brackets.",
  "bboxes": [
    [
      176.8785,
      197.54989687500006,
      394.4109735000002,
      201.61964250000005
    ]
  ],
  "chunk_index": 47
}