{
  "chunk_index": 105,
  "headings": [
    "Subcontract 2507007-1"
  ],
  "text": "Description\nAmount\nGolden Stones SC - Countertops\n$778,965.00\nGrand Total:\n$778,965.00\nArch-Con Corporation\n190 TC Jester, Suite 200 Houston, Texas 77007\nGolden Stones LP 7902 Hillmont Street Houston, Texas 77040\nProcoreGeneralContractorSignHere\nProcoreGeneralContractorTitleHere\nProcoreGeneralContractorSignedDate\nProcoreSubcontractorSignHere\nProcoreSubcontractorTitleHere Manager\nProcoreSubcontractorSignedDate\nSIGNATURE\nTITLE\nSIGNATURE\nTITLE",
  "page_numbers": [
    5
  ],
  "bboxes": [
    [
      258.79575,
      704.687896875,
      302.76100199999996,
      708.7576425
    ],
    [
      543.53475,
      704.687896875,
      573.724863,
      708.7576425
    ],
    [
      59.849999999999994,
      691.178146875,
      184.15423050000004,
      695.2478925
    ],
    [
      529.2615000000001,
      691.178146875,
      573.723999,
      695.2478925
    ],
    [
      454.78875,
      664.159396875,
      501.697818,
      668.2291425
    ],
    [
      529.2615000000001,
      664.159396875,
      573.723999,
      668.2291425
    ],
    [
      37.2495,
      148.18114687499997,
      121.60422750000001,
      152.25089249999996
    ],
    [
      37.2495,
      125.657896875,
      125.2200015,
      140.98964249999995
    ],
    [
      329.706,
      125.657896875,
      409.30760999999995,
      152.25089249999996
    ],
    [
      37.2495,
      78.32544843749997,
      100.80152775000002,
      80.36032124999997
    ],
    [
      120.25274999999999,
      84.48814687499998,
      151.72288049999983,
      85.50539249999997
    ],
    [
      214.36199999999997,
      78.32544843749997,
      282.13776375,
      80.36032124999997
    ],
    [
      329.706,
      78.32544843749997,
      385.25852775,
      80.36032124999997
    ],
    [
      411.28425000000004,
      81.52999999999997,
      450.54319999999996,
      90.32119999999998
    ],
    [
      514.32225,
      78.32544843749997,
      574.0985137500003,
      80.36032124999997
    ],
    [
      37.2495,
      65.03239687500002,
      83.72659499999999,
      69.1021424999999
    ],
    [
      148.24200000000002,
      65.03239687500002,
      170.42461350000002,
      69.1021424999999
    ],
    [
      328.71375,
      65.03239687500002,
      375.190845,
      69.1021424999999
    ],
    [
      439.707,
      65.03239687500002,
      461.8896135,
      69.1021424999999
    ]
  ],
  "filterCombined": true
}