{
  "headings": [
    "SUBCONTRACTOR/SUPPLIER'S SUB-SUBCONTRACTOR/SUB-SUPPLIER LISTING"
  ],
  "page_numbers": [
    25
  ],
  "text": "NUMBER:",
  "bboxes": [
    [
      319.68225,
      511.38055425,
      372.21843750000005,
      520.3803292499999
    ]
  ],
  "chunk_index": 314
}