{
  "headings": [
    "Subcontract 2507007-1"
  ],
  "page_numbers": [
    1
  ],
  "text": "12. Supply CSP-04 Cantilever overhang brackets at Café Lounge Tops (to be Installed by Others).",
  "bboxes": [
    [
      176.8785,
      74.117146875,
      527.2586699999998,
      78.1868925
    ]
  ],
  "chunk_index": 23
}