{
  "headings": [
    "CONTRACTOR'S INSURANCE REQUIREMENTS OF SUBCONTRACT"
  ],
  "page_numbers": [
    18
  ],
  "text": "3. Conditions Affecting All Insurance Required Herein.\n- A. Cost of Insurance. All insurance coverage shall be provided at Subcontractor's sole expense.",
  "bboxes": [
    [
      90.0,
      382.1405542499999,
      320.4894375,
      391.14032925000004
    ],
    [
      108.0,
      371.34055424999997,
      494.7622942500003,
      380.34032925
    ]
  ],
  "chunk_index": 190
}