{
  "headings": [
    "Subcontract 2507007-1"
  ],
  "page_numbers": [
    3
  ],
  "text": "68. Mark up for changes is limited to 15% for profit/overhead.",
  "bboxes": [
    [
      176.8785,
      170.52139687500005,
      396.6028365000001,
      174.59114249999993
    ]
  ],
  "chunk_index": 78
}