{
  "headings": [
    "Subcontract 2507007-1"
  ],
  "page_numbers": [
    1
  ],
  "text": "11. Supply wall mounted steel overhang brackets at Café Lounge Tops (to be Installed by Others).",
  "bboxes": [
    [
      177.4725,
      83.12689687499994,
      527.2666694999998,
      87.19664249999994
    ]
  ],
  "chunk_index": 22
}