{
  "headings": [
    "Subcontract 2507007-1"
  ],
  "page_numbers": [
    1
  ],
  "text": "1235 Shadowdale Drive",
  "bboxes": [
    [
      489.054,
      689.669896875,
      573.9526935,
      693.7396425000001
    ]
  ],
  "chunk_index": 8
}