{
  "headings": [
    "Current Drawings"
  ],
  "page_numbers": [
    71
  ],
  "text": "Printed on Thu Jan 29, 2026 at 01:45 pm CST",
  "bboxes": [
    [
      610.3636,
      562.8659,
      776.3125000000005,
      571.5884000000001
    ]
  ],
  "chunk_index": 447
}