{
  "headings": [
    "10. Aviation/Drone Liability."
  ],
  "page_numbers": [
    22
  ],
  "text": "- D. Required Endorsements:\n- i. Additional Insured status required in 3.G., above. Endorsement shall be provided with the certificate of insurance.",
  "bboxes": [
    [
      108.0,
      328.86055424999995,
      224.59993049999997,
      337.86032925000006
    ],
    [
      126.0,
      307.2605542499999,
      556.0496985000007,
      327.06032925000005
    ]
  ],
  "chunk_index": 280
}