{
  "headings": [
    "Subcontract 2507007-1"
  ],
  "page_numbers": [
    3
  ],
  "text": "60. Contact utility one-call before excavation work begins.",
  "bboxes": [
    [
      176.8785,
      350.709646875,
      384.6275850000002,
      354.7793925
    ]
  ],
  "chunk_index": 70
}