{
  "headings": [
    "Subcontract 2507007-1"
  ],
  "page_numbers": [
    4
  ],
  "text": "7. Confirm with General Contractor that the Parties are accurately connected within Procore Pay for this contract; and",
  "bboxes": [
    [
      157.32750000000001,
      195.57814687500002,
      560.0711189999997,
      208.6568924999999
    ]
  ],
  "chunk_index": 98
}