{
  "headings": [
    "SUBCONTRACTOR/SUPPLIER'S SUB-SUBCONTRACTOR/SUB-SUPPLIER LISTING"
  ],
  "page_numbers": [
    25
  ],
  "text": "Printed Name",
  "bboxes": [
    [
      295.20225,
      172.34005424999987,
      350.4708682499999,
      181.33982924999998
    ]
  ],
  "chunk_index": 318
}