{
  "headings": [
    "6. CLOTHING AND PERSONAL PROTECTIVE EQUIPMENT"
  ],
  "page_numbers": [
    28
  ],
  "text": "- 6.10. No yoga or workout pants are allowed on the project.",
  "bboxes": [
    [
      64.80000000000001,
      233.40037500000005,
      329.43711600000006,
      238.900125
    ]
  ],
  "chunk_index": 365
}