{
  "headings": [
    "Unconditional Waiver and Release on Progress Payments"
  ],
  "page_numbers": [
    13
  ],
  "text": "§ § §",
  "bboxes": [
    [
      179.8218159839819,
      696.6604265554143,
      187.48418667734342,
      724.8718086
    ]
  ],
  "chunk_index": 195
}