{
  "headings": [
    "Unconditional Waiver and Release on Progress Payments"
  ],
  "page_numbers": [
    12
  ],
  "text": "S/V Contract/PO #: SC-001",
  "bboxes": [
    [
      467.78458915898227,
      655.9804280554143,
      579.6756472476543,
      663.91180935
    ]
  ],
  "chunk_index": 156
}