{
  "headings": [
    "Unconditional Waiver and Release on Progress Payments"
  ],
  "page_numbers": [
    13
  ],
  "text": "EXECUTED on this",
  "bboxes": [
    [
      36.0,
      410.22042205541436,
      118.54097815233885,
      418.15180335
    ]
  ],
  "chunk_index": 184
}