{
  "headings": [
    "General Scope:"
  ],
  "page_numbers": [
    8
  ],
  "text": "5. All work must be coordinated with other trades and with Contractors Superintendent.",
  "bboxes": [
    [
      36.0,
      239.54046639381204,
      449.08307197875877,
      248.31780959999992
    ]
  ],
  "chunk_index": 108
}