{
  "headings": [
    "Such insurance shall be written for not less than the following limits:"
  ],
  "page_numbers": [
    4
  ],
  "text": "$ 1,000,000 Employee-Disease",
  "bboxes": [
    [
      251.879997,
      375.02047689381214,
      393.9931474095109,
      383.7978201
    ]
  ],
  "chunk_index": 47
}