{
  "headings": [
    "Unconditional Waiver and Release on Progress Payments"
  ],
  "page_numbers": [
    12
  ],
  "text": "Printed Name:",
  "bboxes": [
    [
      36.0,
      143.10041980541428,
      95.51631489101317,
      151.03180110000005
    ]
  ],
  "chunk_index": 174
}