{
  "headings": [
    "SIXTEENTH: Compliance with Law and Safety"
  ],
  "page_numbers": [
    7
  ],
  "text": "Pamela President",
  "bboxes": [
    [
      369.83999625,
      222.98049939381212,
      451.5106761508149,
      231.7578426
    ]
  ],
  "chunk_index": 99
}