{
  "headings": [
    "Exhibit \"B-4\""
  ],
  "page_numbers": [
    14
  ],
  "text": "Subcontractor/Seller: Address:",
  "bboxes": [
    [
      36.0,
      391.3804490554143,
      122.46208181835625,
      409.39183185
    ]
  ],
  "chunk_index": 208
}