{
  "headings": [
    "Exhibit \"B\" Waiver and Release Forms"
  ],
  "page_numbers": [
    11
  ],
  "text": "§ § §",
  "bboxes": [
    [
      143.80324430663887,
      706.7404288054144,
      151.61849580898192,
      735.07180785
    ]
  ],
  "chunk_index": 133
}