{
  "headings": [
    "Unconditional Waiver and Release on Progress Payments"
  ],
  "page_numbers": [
    12
  ],
  "text": "Address:",
  "bboxes": [
    [
      36.0,
      325.3804490554143,
      74.09034047070173,
      333.31183035000004
    ]
  ],
  "chunk_index": 167
}