{
  "headings": [
    "Unconditional Waiver and Release on Progress Payments"
  ],
  "page_numbers": [
    13
  ],
  "text": "COUNTY OF §",
  "bboxes": [
    [
      36.0,
      318.66043255541433,
      220.9174177476541,
      326.59181385
    ]
  ],
  "chunk_index": 189
}