{
  "headings": [
    "Unconditional Waiver and Release on Progress Payments"
  ],
  "page_numbers": [
    12
  ],
  "text": "4321 Random Street, Bryan, TX 77807",
  "bboxes": [
    [
      74.15999775,
      325.38254342859113,
      234.948091959763,
      333.302847375
    ]
  ],
  "chunk_index": 168
}