{
  "headings": [
    "PROJECT DOCUMENTS"
  ],
  "page_numbers": [
    15
  ],
  "text": "- 2) Drawings and Specifications as follows issued by Architect, Inc.",
  "bboxes": [
    [
      30.959999249999996,
      636.0204881438121,
      332.1940464823144,
      644.79783135
    ]
  ],
  "chunk_index": 221
}