{
  "headings": [
    "Unconditional Waiver and Release on Progress Payments"
  ],
  "page_numbers": [
    13
  ],
  "text": "Awesome Office Building 789 Some Street Bryan, TX 77801",
  "bboxes": [
    [
      30.959999249999996,
      653.3425194285911,
      146.8989318820302,
      682.502828625
    ]
  ],
  "chunk_index": 178
}