{
  "headings": [
    "Such insurance shall be written for not less than the following limits:"
  ],
  "page_numbers": [
    4
  ],
  "text": "1.  Split Limits:",
  "bboxes": [
    [
      108.0,
      59.66049189381215,
      172.64013880369112,
      68.43783510000003
    ]
  ],
  "chunk_index": 60
}