{
  "headings": [
    "PROJECT DOCUMENTS"
  ],
  "page_numbers": [
    15
  ],
  "text": "- 1) Agreement made on between General Construction, Inc. (Contractor) and Awesome Owner, LP",
  "bboxes": [
    [
      30.959999249999996,
      658.8204836438122,
      473.23864514157606,
      667.59782685
    ]
  ],
  "chunk_index": 220
}