{
  "headings": [
    "FAILURE TO CORRECT UNSAFE CONDITIONS:"
  ],
  "page_numbers": [
    17
  ],
  "text": "Notary Public",
  "bboxes": [
    [
      36.0,
      339.86047314381216,
      98.14651483050267,
      348.63781635000004
    ]
  ],
  "chunk_index": 247
}