{
  "headings": [
    "General Construction, Inc. 1234 Anywhere Lane College Station, TX 77840"
  ],
  "page_numbers": [
    1
  ],
  "text": "- [ ] Exhibit C: Project Schedule",
  "bboxes": [
    [
      108.0,
      332.5404663938121,
      230.8365420112545,
      341.3178096
    ]
  ],
  "chunk_index": 13
}