{
  "headings": [
    "Unconditional Waiver and Release on Progress Payments"
  ],
  "page_numbers": [
    13
  ],
  "text": "Name and Title:",
  "bboxes": [
    [
      286.5785085886715,
      389.94041605541435,
      349.2237761343728,
      397.87179735000007
    ]
  ],
  "chunk_index": 186
}