{
  "headings": [
    "$ 500,000 each Accident Property Damage OR"
  ],
  "page_numbers": [
    5
  ],
  "text": "- [ ] Bond: Not Required",
  "bboxes": [
    [
      108.0,
      247.9404753938121,
      211.3892617211277,
      256.7178186
    ]
  ],
  "chunk_index": 74
}