{
  "headings": [
    "General Scope:"
  ],
  "page_numbers": [
    8
  ],
  "text": "1. Applicable Texas Sales Tax, if any, is included.",
  "bboxes": [
    [
      36.0,
      374.6604918938121,
      279.02580014850537,
      383.4378351
    ]
  ],
  "chunk_index": 105
}