{
  "headings": [
    "PROJECT DOCUMENTS"
  ],
  "page_numbers": [
    15
  ],
  "text": "- b) IFC Specifications for Awesome Office Building, dated January 10, 2023.",
  "bboxes": [
    [
      48.95999925,
      601.7004813938122,
      391.920842944135,
      610.4778246
    ]
  ],
  "chunk_index": 223
}