{
  "headings": [
    "Unconditional Waiver and Release on Progress Payments"
  ],
  "page_numbers": [
    13
  ],
  "text": "COUNTY OF BRAZOS",
  "bboxes": [
    [
      36.0,
      696.6604265554143,
      130.57132213163888,
      704.59180785
    ]
  ],
  "chunk_index": 177
}