{
  "headings": [
    "FAILURE TO CORRECT UNSAFE CONDITIONS:"
  ],
  "page_numbers": [
    17
  ],
  "text": "Signed:",
  "bboxes": [
    [
      36.0,
      429.98047614381215,
      72.55342469999998,
      438.75781935
    ]
  ],
  "chunk_index": 245
}