{
  "headings": [
    "Unconditional Waiver and Release on Progress Payments"
  ],
  "page_numbers": [
    12
  ],
  "text": "Subcontractor/Seller:",
  "bboxes": [
    [
      36.0,
      340.50042880541434,
      122.46208181835625,
      348.4318101
    ]
  ],
  "chunk_index": 165
}