{
  "headings": [
    "Unconditional Waiver and Release on Progress Payments"
  ],
  "page_numbers": [
    12
  ],
  "text": "§ § §",
  "bboxes": [
    [
      179.8218159839819,
      655.9804280554143,
      187.48418667734342,
      684.1918048499999
    ]
  ],
  "chunk_index": 154
}