{
  "headings": [
    "Unconditional Waiver and Release on Progress Payments"
  ],
  "page_numbers": [
    12
  ],
  "text": "STATE OF § § COUNTY OF §",
  "bboxes": [
    [
      36.0,
      284.94041605541435,
      223.4841866773434,
      313.27180635
    ]
  ],
  "chunk_index": 169
}