{
  "headings": [
    "FAILURE TO CORRECT UNSAFE CONDITIONS:"
  ],
  "page_numbers": [
    17
  ],
  "text": "Subcontractor/Seller: Fantastic Floors, LLC",
  "bboxes": [
    [
      36.0,
      452.54048889381215,
      229.72415732606424,
      461.31783210000003
    ]
  ],
  "chunk_index": 244
}