{
  "headings": [
    "Exhibit \"B\" Waiver and Release Forms"
  ],
  "page_numbers": [
    11
  ],
  "text": "Printed Name:",
  "bboxes": [
    [
      36.0,
      169.50042880541434,
      95.51631489101317,
      177.4318101
    ]
  ],
  "chunk_index": 149
}