{
  "headings": [
    "SIXTEENTH: Compliance with Law and Safety"
  ],
  "page_numbers": [
    7
  ],
  "text": "General Construction, Inc.",
  "bboxes": [
    [
      347.51998875,
      253.58280740303871,
      475.15330566093735,
      262.34789175000003
    ]
  ],
  "chunk_index": 97
}