{
  "headings": [
    "Conditional Waiver and Release on Final Payment"
  ],
  "page_numbers": [
    13
  ],
  "text": "S/V Contract/PO #: SC-001",
  "bboxes": [
    [
      467.78458915898227,
      696.6604265554143,
      579.6756472476543,
      704.59180785
    ]
  ],
  "chunk_index": 196
}