{
  "headings": [
    "Unconditional Waiver and Release on Progress Payments"
  ],
  "page_numbers": [
    12
  ],
  "text": "Fantastic Floors, LLC",
  "bboxes": [
    [
      122.64000300000001,
      340.50252317859116,
      214.6059114886695,
      348.422827125
    ]
  ],
  "chunk_index": 166
}