{
  "headings": [
    "Exhibit \"B-4\""
  ],
  "page_numbers": [
    14
  ],
  "text": "Fantastic Floors, LLC",
  "bboxes": [
    [
      122.64000300000001,
      401.46254492859117,
      214.6059114886695,
      409.382848875
    ]
  ],
  "chunk_index": 209
}