{
  "headings": [
    "STANDARD SUBCONTRACT AGREEMENT FOR Awesome Office Building"
  ],
  "page_numbers": [
    1
  ],
  "text": "TEL#: 979-555-9999",
  "bboxes": [
    [
      36.0,
      633.1404798938122,
      130.5343079711277,
      641.9178231
    ]
  ],
  "chunk_index": 3
}