{
  "headings": [
    "Such insurance shall be written for not less than the following limits:"
  ],
  "page_numbers": [
    4
  ],
  "text": "$1,000,000 Personal & Advertising Injury",
  "bboxes": [
    [
      252.0,
      318.62046789381213,
      435.9484834631338,
      327.3978111
    ]
  ],
  "chunk_index": 52
}