{
  "headings": [
    "FAILURE TO CORRECT UNSAFE CONDITIONS:"
  ],
  "page_numbers": [
    17
  ],
  "text": "To: General Construction, Inc. 1234 Anywhere Lane College Station, TX 77840",
  "bboxes": [
    [
      36.0,
      689.4204858938122,
      172.10130897468304,
      721.1178276
    ]
  ],
  "chunk_index": 238
}