{
  "headings": [
    "FAILURE TO CORRECT UNSAFE CONDITIONS:"
  ],
  "page_numbers": [
    17
  ],
  "text": "Subscribed and sworn to before me on this day of",
  "bboxes": [
    [
      36.0,
      362.42048589381216,
      282.84574549331967,
      371.19782910000004
    ]
  ],
  "chunk_index": 246
}