{
  "headings": [
    "$ 500,000 each Accident Property Damage OR"
  ],
  "page_numbers": [
    5
  ],
  "text": "$1,000,000",
  "bboxes": [
    [
      251.76558646501348,
      712.3404843938122,
      304.50281130563843,
      721.1178276
    ]
  ],
  "chunk_index": 63
}