{
  "headings": [
    "Such insurance shall be written for not less than the following limits:"
  ],
  "page_numbers": [
    4
  ],
  "text": "$2,000,000 General Aggregate",
  "bboxes": [
    [
      251.7426603545743,
      341.18048064381213,
      391.5812016403307,
      349.95782385
    ]
  ],
  "chunk_index": 50
}