{
  "headings": [
    "$ 500,000 each Accident Property Damage OR"
  ],
  "page_numbers": [
    5
  ],
  "text": "$2,000,000 Combined Single Limit",
  "bboxes": [
    [
      251.84420712038036,
      656.0604896438122,
      407.1199952287588,
      664.83783285
    ]
  ],
  "chunk_index": 67
}