{
  "headings": [
    "General Construction, Inc. 1234 Anywhere Lane College Station, TX 77840"
  ],
  "page_numbers": [
    1
  ],
  "text": "- [x] Exhibit D: Plans and Specifications",
  "bboxes": [
    [
      108.0,
      319.1004791438121,
      263.85419703469216,
      327.87782235
    ]
  ],
  "chunk_index": 14
}