{
  "headings": [
    "$ 500,000 each Accident Property Damage OR"
  ],
  "page_numbers": [
    5
  ],
  "text": "- E. Umbrella (Excess) Liability",
  "bboxes": [
    [
      72.0,
      690.0204881438121,
      227.8980776863226,
      698.79783135
    ]
  ],
  "chunk_index": 64
}