{
  "headings": [
    "FAILURE TO CORRECT UNSAFE CONDITIONS:"
  ],
  "page_numbers": [
    17
  ],
  "text": "And:  Awesome Owner, LP 789 Some Street Bryan, TX 77801",
  "bboxes": [
    [
      36.0,
      632.6604806438122,
      158.7371310013134,
      664.4778246
    ]
  ],
  "chunk_index": 239
}