{
  "headings": [
    "Such insurance shall be written for not less than the following limits:"
  ],
  "page_numbers": [
    4
  ],
  "text": "$ 50,000 Fire Damage",
  "bboxes": [
    [
      252.0,
      296.18048064381213,
      354.1687621117527,
      304.95782385
    ]
  ],
  "chunk_index": 54
}