{
  "headings": [
    "PROJECT DOCUMENTS"
  ],
  "page_numbers": [
    15
  ],
  "text": "- a) IFC Drawings for Awesome Office Building, dated January 10, 2023.",
  "bboxes": [
    [
      48.95999925,
      613.1004791438122,
      371.71264475006797,
      621.87782235
    ]
  ],
  "chunk_index": 222
}