{
  "headings": [
    "General Scope:"
  ],
  "page_numbers": [
    8
  ],
  "text": "2. Rigging and hoisting as required.\n3. Traffic Control as required by your scope of work.",
  "bboxes": [
    [
      36.0,
      352.1004791438121,
      220.44981002456976,
      360.87782235
    ],
    [
      36.0,
      329.6604918938121,
      291.47722205812954,
      338.4378351
    ]
  ],
  "chunk_index": 106
}