{
  "headings": [
    "Exhibit \"B\" Waiver and Release Forms"
  ],
  "page_numbers": [
    11
  ],
  "text": "Awesome Office Building 789 Some Street Bryan, TX 77801",
  "bboxes": [
    [
      36.0,
      665.5825246785912,
      146.8989318820302,
      694.262823375
    ]
  ],
  "chunk_index": 134
}