{
  "headings": [
    "STANDARD SUBCONTRACT AGREEMENT FOR Awesome Office Building"
  ],
  "page_numbers": [
    1
  ],
  "text": "TAX ID#: 12-3456789",
  "bboxes": [
    [
      36.0,
      621.8604851438122,
      135.42214490756342,
      630.6378283500001
    ]
  ],
  "chunk_index": 4
}