{
  "headings": [
    "Exhibit \"B\" Waiver and Release Forms"
  ],
  "page_numbers": [
    11
  ],
  "text": "COUNTY OF BRAZOS",
  "bboxes": [
    [
      36.0,
      706.7404288054144,
      130.57132213163888,
      714.6718101
    ]
  ],
  "chunk_index": 132
}