{
  "headings": [
    "FAILURE TO CORRECT UNSAFE CONDITIONS:"
  ],
  "page_numbers": [
    17
  ],
  "text": "My Commission Expires:",
  "bboxes": [
    [
      36.0,
      272.54046639381204,
      148.76341177687954,
      281.3178096
    ]
  ],
  "chunk_index": 250
}