{
  "headings": [
    "General Construction, Inc. 1234 Anywhere Lane College Station, TX 77840"
  ],
  "page_numbers": [
    1
  ],
  "text": "- [x] Exhibit G: Warranty",
  "bboxes": [
    [
      108.0,
      277.9404753938121,
      196.3492739745018,
      286.7178186
    ]
  ],
  "chunk_index": 17
}