{
  "headings": [
    "Unconditional Waiver and Release on Progress Payments"
  ],
  "page_numbers": [
    12
  ],
  "text": "Name and Title:",
  "bboxes": [
    [
      286.5785085886715,
      360.78041230541436,
      351.7346229093739,
      368.7117936000001
    ]
  ],
  "chunk_index": 164
}