{
  "headings": [
    "Such insurance shall be written for not less than the following limits:"
  ],
  "page_numbers": [
    4
  ],
  "text": "$ 1,000,000 Policy Limit-Disease",
  "bboxes": [
    [
      251.879997,
      363.62046789381213,
      400.0294532154438,
      372.3978111
    ]
  ],
  "chunk_index": 48
}