{
  "headings": [
    "Exhibit \"B\" Waiver and Release Forms"
  ],
  "page_numbers": [
    11
  ],
  "text": "EXECUTED on this day of _",
  "bboxes": [
    [
      36.0,
      432.42042730541436,
      367.9095922956979,
      440.3518086
    ]
  ],
  "chunk_index": 140
}