{
  "headings": [
    "General Construction, Inc. 1234 Anywhere Lane College Station, TX 77840"
  ],
  "page_numbers": [
    1
  ],
  "text": "- [x] Exhibit A: Scope of Work",
  "bboxes": [
    [
      108.0,
      360.2604828938121,
      220.35178810500457,
      369.03782609999996
    ]
  ],
  "chunk_index": 11
}