{
  "headings": [
    "Such insurance shall be written for not less than the following limits:"
  ],
  "page_numbers": [
    4
  ],
  "text": "3. The C.G.L. insurance shall be available on a 'Per Project basis' and 'Per  Occurance.'\n- D. Automobile Liability",
  "bboxes": [
    [
      108.0,
      127.1004791438121,
      525.0414548951311,
      135.87782234999997
    ],
    [
      72.0,
      104.54046639381204,
      196.55293506807052,
      113.31780959999992
    ]
  ],
  "chunk_index": 58
}