{
  "headings": [
    "Exhibit \"B\" Waiver and Release Forms"
  ],
  "page_numbers": [
    11
  ],
  "text": "§ COUNTY OF §",
  "bboxes": [
    [
      36.0,
      321.4204273054143,
      223.4841866773434,
      339.5517898500001
    ]
  ],
  "chunk_index": 145
}