{
  "headings": [
    "Exhibit \"B\" Waiver and Release Forms"
  ],
  "page_numbers": [
    11
  ],
  "text": "STATE OF §",
  "bboxes": [
    [
      36.0,
      351.78041230541436,
      110.45823055468783,
      359.7117936000001
    ]
  ],
  "chunk_index": 144
}