{
  "headings": [
    "SIXTEENTH: Compliance with Law and Safety"
  ],
  "page_numbers": [
    7
  ],
  "text": "DATE:",
  "bboxes": [
    [
      492.73596975,
      238.46046414381215,
      523.9212004499999,
      247.23780735000003
    ]
  ],
  "chunk_index": 98
}