{
  "headings": [
    "Exhibit \"B-4\""
  ],
  "page_numbers": [
    14
  ],
  "text": "COUNTY OF BRAZOS",
  "bboxes": [
    [
      36.0,
      656.1004310554143,
      130.57132213163888,
      664.03181235
    ]
  ],
  "chunk_index": 200
}