{
  "headings": [
    "Exhibit \"B-4\""
  ],
  "page_numbers": [
    14
  ],
  "text": "§ § §",
  "bboxes": [
    [
      179.8218159839819,
      656.1004310554143,
      187.48418667734342,
      684.3118071
    ]
  ],
  "chunk_index": 218
}