{
  "headings": [
    "Exhibit \"B\" Waiver and Release Forms"
  ],
  "page_numbers": [
    11
  ],
  "text": "Name and Title:",
  "bboxes": [
    [
      286.5785085886715,
      412.1404205554144,
      351.7346229093739,
      420.07180185
    ]
  ],
  "chunk_index": 141
}