{
  "headings": [
    "Exhibit \"B-4\""
  ],
  "page_numbers": [
    14
  ],
  "text": "EXECUTED on this",
  "bboxes": [
    [
      36.0,
      442.0204175554143,
      118.54097815233885,
      449.95179885
    ]
  ],
  "chunk_index": 205
}