{
  "headings": [
    "Unconditional Waiver and Release on Progress Payments"
  ],
  "page_numbers": [
    13
  ],
  "text": "STATE OF TEXAS",
  "bboxes": [
    [
      36.0,
      716.9404273054143,
      112.69204380898191,
      724.8718086
    ]
  ],
  "chunk_index": 176
}