{
  "headings": [
    "Exhibit \"B\" Waiver and Release Forms"
  ],
  "page_numbers": [
    11
  ],
  "text": "Address: 4321 Random Street, Bryan, TX 77807",
  "bboxes": [
    [
      36.0,
      376.74043405541437,
      234.948091959763,
      384.6718153500001
    ]
  ],
  "chunk_index": 143
}