{
  "headings": [
    "General Construction, Inc. 1234 Anywhere Lane College Station, TX 77840"
  ],
  "page_numbers": [
    1
  ],
  "text": "- [ ] Exhibit F: Sub-subcontractors and Vendors",
  "bboxes": [
    [
      108.0,
      291.3804626438121,
      322.83967505475545,
      300.15780585
    ]
  ],
  "chunk_index": 16
}