{
  "headings": [
    "Exhibit \"B\" Waiver and Release Forms"
  ],
  "page_numbers": [
    11
  ],
  "text": "STATE OF TEXAS",
  "bboxes": [
    [
      36.12,
      727.1404265554144,
      112.81204380898191,
      735.07180785
    ]
  ],
  "chunk_index": 131
}