{
  "headings": [
    "Unconditional Waiver and Release on Progress Payments"
  ],
  "page_numbers": [
    12
  ],
  "text": "Awesome Office Building 789 Some Street Bryan, TX 77801",
  "bboxes": [
    [
      30.959999249999996,
      614.3425194285911,
      146.8989318820302,
      643.382826375
    ]
  ],
  "chunk_index": 157
}