{
  "headings": [
    "SIXTEENTH: Compliance with Law and Safety"
  ],
  "page_numbers": [
    7
  ],
  "text": "Fantastic Floors, LLC",
  "bboxes": [
    [
      304.44000975,
      319.6405440956354,
      402.53229502499994,
      329.36966895
    ]
  ],
  "chunk_index": 95
}