{
  "headings": [
    "General Construction, Inc. 1234 Anywhere Lane College Station, TX 77840"
  ],
  "page_numbers": [
    1
  ],
  "text": "- [x] Exhibit B: Lien Releases",
  "bboxes": [
    [
      108.0,
      346.58048964381214,
      218.16960016519477,
      355.35783285
    ]
  ],
  "chunk_index": 12
}