{
  "headings": [
    "Exhibit \"B-4\""
  ],
  "page_numbers": [
    14
  ],
  "text": "S/V Contract/PO #: SC-001",
  "bboxes": [
    [
      467.78458915898227,
      656.1004310554143,
      579.6756472476543,
      664.03181235
    ]
  ],
  "chunk_index": 219
}