{
  "headings": [
    "Unconditional Waiver and Release on Progress Payments"
  ],
  "page_numbers": [
    12
  ],
  "text": "STATE OF TEXAS",
  "bboxes": [
    [
      36.0,
      676.2604235554144,
      112.69204380898191,
      684.1918048499999
    ]
  ],
  "chunk_index": 153
}