{
  "headings": [
    "Exhibit \"B\" Waiver and Release Forms"
  ],
  "page_numbers": [
    11
  ],
  "text": "My Commission Expires: Notary Public in and for State of Texas",
  "bboxes": [
    [
      36.0,
      189.7804123054143,
      566.4684267300723,
      207.91182134999997
    ]
  ],
  "chunk_index": 148
}