{
  "headings": [
    "Unconditional Waiver and Release on Progress Payments"
  ],
  "page_numbers": [
    13
  ],
  "text": "Notary Public in and for State of Texas",
  "bboxes": [
    [
      36.0,
      186.7804123054143,
      190.61952738046676,
      194.71179360000008
    ]
  ],
  "chunk_index": 193
}