{
  "headings": [
    "SIXTEENTH: Compliance with Law and Safety"
  ],
  "page_numbers": [
    7
  ],
  "text": "DATE:",
  "bboxes": [
    [
      497.12772375,
      301.9404753938121,
      528.3129544499999,
      310.7178186
    ]
  ],
  "chunk_index": 96
}