{
  "headings": [
    "FAILURE TO CORRECT UNSAFE CONDITIONS:"
  ],
  "page_numbers": [
    17
  ],
  "text": "Printed",
  "bboxes": [
    [
      36.0,
      317.42048589381216,
      70.25027376356428,
      326.19782910000004
    ]
  ],
  "chunk_index": 248
}