{
  "headings": [
    "Unconditional Waiver and Release on Progress Payments"
  ],
  "page_numbers": [
    12
  ],
  "text": "My Commission Expires:",
  "bboxes": [
    [
      288.24000524999997,
      173.70041080541432,
      389.18730970234094,
      181.63179209999998
    ]
  ],
  "chunk_index": 172
}