{
  "headings": [
    "Unconditional Waiver and Release on Progress Payments"
  ],
  "page_numbers": [
    13
  ],
  "text": "Printed Name:",
  "bboxes": [
    [
      36.0,
      166.62040855541431,
      95.51631489101317,
      174.5517898500001
    ]
  ],
  "chunk_index": 194
}