{
  "headings": [
    "Exhibit \"B-4\""
  ],
  "page_numbers": [
    14
  ],
  "text": "My Commission Expires:",
  "bboxes": [
    [
      288.24000524999997,
      218.82043630541432,
      389.80295929530996,
      226.75181759999998
    ]
  ],
  "chunk_index": 215
}