{
  "headings": [
    "Exhibit \"B-4\""
  ],
  "page_numbers": [
    14
  ],
  "text": "COUNTY OF §",
  "bboxes": [
    [
      36.0,
      340.2604235554143,
      218.4920144976541,
      348.19180485000004
    ]
  ],
  "chunk_index": 212
}