{
  "headings": [
    "Unconditional Waiver and Release on Progress Payments"
  ],
  "page_numbers": [
    13
  ],
  "text": "STATE OF §",
  "bboxes": [
    [
      36.0,
      339.06044155541434,
      220.80372695234442,
      346.99182285000006
    ]
  ],
  "chunk_index": 188
}