{
  "headings": [
    "Exhibit \"B-4\""
  ],
  "page_numbers": [
    14
  ],
  "text": "day of",
  "bboxes": [
    [
      178.75385957733886,
      442.0204175554143,
      203.09147585702564,
      449.95179885
    ]
  ],
  "chunk_index": 206
}