{
  "headings": [
    "Unconditional Waiver and Release on Progress Payments"
  ],
  "page_numbers": [
    13
  ],
  "text": "My Commission Expires:",
  "bboxes": [
    [
      288.24000524999997,
      196.9804400554143,
      389.80295929530996,
      204.91182134999997
    ]
  ],
  "chunk_index": 192
}