{
  "headings": [
    "FAILURE TO CORRECT UNSAFE CONDITIONS:"
  ],
  "page_numbers": [
    17
  ],
  "text": "Name:",
  "bboxes": [
    [
      36.0,
      294.86047314381216,
      68.0931327333786,
      303.63781635000004
    ]
  ],
  "chunk_index": 249
}