{
  "headings": [
    "SIXTEENTH: Compliance with Law and Safety"
  ],
  "page_numbers": [
    7
  ],
  "text": "President",
  "bboxes": [
    [
      369.83999625,
      207.6227856530387,
      420.97693698018566,
      216.38787000000002
    ]
  ],
  "chunk_index": 100
}