{
  "headings": [
    "PROJECT DOCUMENTS"
  ],
  "page_numbers": [
    15
  ],
  "text": "- c) Addendum 1 for Awesome Office Building, issued January 12, 2023.",
  "bboxes": [
    [
      48.95999925,
      590.3004836438122,
      371.8266179206975,
      599.07782685
    ]
  ],
  "chunk_index": 224
}