{
  "headings": [
    "Unconditional Waiver and Release on Progress Payments"
  ],
  "page_numbers": [
    13
  ],
  "text": "day of",
  "bboxes": [
    [
      178.75385957733886,
      410.22042205541436,
      203.09147585702564,
      418.15180335
    ]
  ],
  "chunk_index": 185
}