{
  "headings": [
    "Exhibit \"B-4\""
  ],
  "page_numbers": [
    14
  ],
  "text": "Name and Title:",
  "bboxes": [
    [
      286.5785085886715,
      421.7404340554143,
      351.7346229093739,
      429.67181535
    ]
  ],
  "chunk_index": 207
}