{
  "headings": [
    "Exhibit \"B-4\""
  ],
  "page_numbers": [
    14
  ],
  "text": "Notary Public in and for State of Texas",
  "bboxes": [
    [
      36.0,
      208.62040855541431,
      190.61952738046676,
      216.5517898500001
    ]
  ],
  "chunk_index": 216
}