{
  "headings": [
    "Conditional Waiver and Release on Progress Payments"
  ],
  "page_numbers": [
    11
  ],
  "text": "S/V Contract/PO #: SC-001",
  "bboxes": [
    [
      467.78458915898227,
      706.7404288054144,
      579.6756472476543,
      714.6718101
    ]
  ],
  "chunk_index": 151
}