{
  "headings": [
    "Exhibit \"B-4\""
  ],
  "page_numbers": [
    14
  ],
  "text": "STATE OF §",
  "bboxes": [
    [
      36.0,
      360.54040705541433,
      218.52341980468782,
      368.47178835
    ]
  ],
  "chunk_index": 211
}