{
  "headings": [
    "Unconditional Waiver and Release on Progress Payments"
  ],
  "page_numbers": [
    12
  ],
  "text": "EXECUTED on this day of _",
  "bboxes": [
    [
      36.0,
      381.06044155541434,
      367.9095922956979,
      388.99182285000006
    ]
  ],
  "chunk_index": 163
}