{
  "headings": [
    "Exhibit \"B-4\""
  ],
  "page_numbers": [
    14
  ],
  "text": "STATE OF TEXAS",
  "bboxes": [
    [
      36.0,
      676.3804258054143,
      112.69204380898191,
      684.3118071
    ]
  ],
  "chunk_index": 199
}