{
  "headings": [
    "$ 500,000 each Accident Property Damage OR"
  ],
  "page_numbers": [
    5
  ],
  "text": "2.  Combined Single Limit:",
  "bboxes": [
    [
      108.0,
      712.3404843938122,
      224.00009416501348,
      721.1178276
    ]
  ],
  "chunk_index": 62
}