{
  "headings": [
    "Exhibit \"B-4\""
  ],
  "page_numbers": [
    14
  ],
  "text": "Printed Name:",
  "bboxes": [
    [
      36.0,
      188.34042505541436,
      95.51631489101317,
      196.27180635000002
    ]
  ],
  "chunk_index": 217
}