{
  "headings": [],
  "page_numbers": [
    1
  ],
  "text": "Job # 1234 Subcontract # SC-001",
  "bboxes": [
    [
      256.7999955,
      734.9004858938122,
      357.8119397790082,
      754.95782685
    ]
  ],
  "chunk_index": 1
}