{
  "headings": [
    "Unconditional Waiver and Release on Progress Payments"
  ],
  "page_numbers": [
    12
  ],
  "text": "COUNTY OF BRAZOS",
  "bboxes": [
    [
      36.0,
      655.9804280554143,
      130.57132213163888,
      663.91180935
    ]
  ],
  "chunk_index": 155
}