{
  "headings": [
    "$ 500,000 each Accident Property Damage OR"
  ],
  "page_numbers": [
    5
  ],
  "text": "- F. Professional Liability:",
  "bboxes": [
    [
      72.0,
      656.0604896438122,
      204.19651482038034,
      664.83783285
    ]
  ],
  "chunk_index": 66
}