{
  "headings": [
    "Exhibit \"B-4\""
  ],
  "page_numbers": [
    14
  ],
  "text": "Unconditional Waiver and Release on Final Payment",
  "bboxes": [
    [
      193.7999955,
      696.6625209285912,
      420.12191005741823,
      704.582824875
    ]
  ],
  "chunk_index": 198
}